"FACILITY_DOCUMENT_COST_ID","CWNS_ID","FACILITY_ID","STATE_CODE","DOCUMENT_ID","DOCUMENT_TYPE","NEEDS_CATEGORY","COST_METHOD","BASE_AMOUNT","OFFICIAL_AMOUNT","SOLUTION_YEAR_START","SOLUTION_YEAR_END","SSO_FLAG","TREATMENT_PLANT_TYPE","SSA_FLAG"
2767,"06029041001",3138044,"CA",564,"20","VI-B","Documented",3275000,3300704,,,"","",""
3293,"06002008001",1175269,"CA",828,"20","II","Documented",283511469,304717765,,,"N","",""
3294,"06002008001",1175269,"CA",828,"20","III-A","Documented",113646,122147,,,"N","",""
3295,"06002008001",1175269,"CA",828,"20","X","Documented",6072067,6526250,,,"","",""
2657,"06009041002",1176080,"CA",564,"20","X","Documented",41604887,43452259,,,"","",""
2653,"06009041002",1176080,"CA",564,"20","II","Documented",9050000,9451845,,,"N","Secondary Mechanical",""
2661,"06009041001",1176079,"CA",564,"20","IV-B","Documented",51000000,53264541,,,"N","",""
3622,"06008020001",1175973,"CA",1015,"20","III-B","Documented",4713000,4888233,,,"N","",""
3623,"06008020001",1175973,"CA",1015,"20","IV-B","Documented",4758500,4935425,,,"N","",""
3624,"06008020001",1175973,"CA",1015,"20","X","Documented",7504040,7783046,,,"","",""
4269,"06023029001",3378890,"CA",1379,"20","VI-B","Documented",5300000,5341598,,,"","",""
4273,"06003029002",1175397,"CA",1379,"20","IV-A","Documented",1800000,1814128,,,"N","",""
4274,"06003029002",1175397,"CA",1379,"20","IV-B","Documented",959000,966527,,,"Y","",""
3408,"06005009001",1175529,"CA",875,"20","II","Documented",123580000,132823626,,,"N","",""
3409,"06005009001",1175529,"CA",875,"20","III-B","Documented",25000,26870,,,"N","",""
3410,"06005009001",1175529,"CA",875,"20","IV-B","Documented",142325000,152970728,,,"N","",""
3411,"06005009001",1175529,"CA",875,"20","X","Documented",410688825,441407825,,,"","",""
3478,"06005065001",1175586,"CA",910,"20","III-B","Documented",20493007,22025858,,,"N","",""
3479,"06005065001",1175586,"CA",910,"20","IV-A","Documented",3543616,3808674,,,"N","",""
3632,"06008020003",3518636,"CA",1015,"20","IV-A","Documented",5302000,5499133,,,"N","",""
4011,"06002008001",1175269,"CA",1250,"3","II","Documented",215096000,239939256,,,"N","",""
4083,"06009074002",3334975,"CA",1283,"20","II","Documented",4028000,4236243,,,"N","",""
4084,"06009074002",3334975,"CA",1283,"20","IV-B","Documented",610000,641536,,,"N","",""
4085,"06009074002",3334975,"CA",1283,"20","X","Documented",665000,699380,,,"","",""
3481,"06000000066",3606862,"CA",910,"20","VI-A","Documented",1806000,1873148,,,"","",""
2655,"06009041002",1176080,"CA",564,"20","III-B","Documented",77977500,81439916,,,"N","",""
2656,"06009041002",1176080,"CA",564,"20","IV-B","Documented",4100000,4282051,,,"N","",""
2658,"06009041001",1176079,"CA",564,"20","II","Documented",750000,783302,,,"N","",""
3620,"06002029001",1175287,"CA",1012,"20","II","Documented",14878000,14878000,,,"N","",""
3621,"06002029001",1175287,"CA",1012,"20","III-B","Documented",40200000,40200000,,,"N","",""
5530,"06000000085",3607599,"CA",2407,"20","VI-A","Documented",425000,422361,,,"","",""
4402,"06000000073",3607081,"CA",1476,"20","II","Documented",84605548,94395710,,,"N","",""
5356,"06003012001",1175381,"CA",2277,"20","II","Documented",65380000,67654497,,,"N","",""
5357,"06003012001",1175381,"CA",2277,"20","III-B","Documented",66000000,68296066,,,"N","",""
5393,"06000000082",3607552,"CA",2304,"20","II","Documented",7050000,7649887,,,"N","",""
5394,"06000000082",3607552,"CA",2304,"20","III-B","Documented",4927000,5346240,,,"N","",""
5395,"06000000082",3607552,"CA",2304,"20","IV-A","Documented",16600000,18012500,,,"N","",""
5396,"06000000082",3607552,"CA",2304,"20","X","Documented",41740000,45291672,,,"","",""
5402,"06000000083",3607553,"CA",2304,"20","II","Documented",25250000,26439583,,,"N","",""
5467,"06002032005",443709,"CA",2370,"20","I","Documented",598662133,598662133,,,"N","",""
5468,"06002032005",443709,"CA",2370,"20","III-B","Documented",175772176,175772176,,,"N","",""
5481,"06022032001",3217908,"CA",2370,"20","VI-A","Documented",630893663,630893663,,,"","",""
5482,"06022032001",3217908,"CA",2370,"20","VI-B","Documented",340410272,340410272,,,"","",""
4585,"06002038001",1175296,"CA",1625,"20","II","Documented",14700000,14815376,,,"N","",""
4586,"06002038001",1175296,"CA",1625,"20","III-B","Documented",14000000,14109882,,,"N","",""
4587,"06002038001",1175296,"CA",1625,"20","IV-A","Documented",6500000,6551016,,,"N","",""
4588,"06002038001",1175296,"CA",1625,"20","IV-B","Documented",1000000,1007849,,,"N","",""
5156,"06004009006",1175482,"CA",2080,"20","III-B","Documented",22630000,21766905,,,"Y","",""
5155,"06004009006",1175482,"CA",2080,"20","II","Documented",33650041,32366648,,,"N","",""
5157,"06004009006",1175482,"CA",2080,"20","IV-B","Documented",1300000,1250419,,,"N","",""
5101,"06000000080",3607474,"CA",2066,"20","III-B","Documented",98900000,96176657,,,"Y","",""
5111,"06004009001",1175477,"CA",2080,"20","I","Documented",1276132205,1227461262,,,"N","",""
5112,"06004009001",1175477,"CA",2080,"20","II","Documented",3750000,3606977,,,"N","",""
5113,"06004009001",1175477,"CA",2080,"20","III-B","Documented",1414747500,1360789850,,,"Y","",""
5114,"06004009001",1175477,"CA",2080,"20","IV-B","Documented",49480000,47592861,,,"N","",""
4696,"06000000068",3606909,"CA",1734,"20","II","Documented",67000,66904,,,"N","",""
5163,"06004009014",3482611,"CA",2080,"20","I","Documented",483873,449128,,,"N","",""
5164,"06004009007",1175483,"CA",2080,"20","II","Documented",23210000,22324784,,,"N","",""
5165,"06004009007",1175483,"CA",2080,"20","III-B","Documented",25700000,24719817,,,"Y","",""
19049,"06003094001",406088,"CA",7628,"20","III-B","Documented",994415,992995,,,"N","",""
5358,"06003012001",1175381,"CA",2281,"3","IV-A","Documented",2572030,2823677,,,"N","",""
5359,"06003012001",1175381,"CA",2279,"3","X","Documented",59446031,58131827,,,"","",""
5403,"06000000084",3607554,"CA",2304,"20","VI-A","Documented",114000000,123700302,,,"","",""
5404,"06000000084",3607554,"CA",2304,"20","VI-B","Documented",9900000,10742395,,,"","",""
4012,"06002008001",1175269,"CA",1251,"3","II","Documented",49500000,55217174,,,"N","",""
4257,"06000000076",3607353,"CA",1370,"20","VI-A","Documented",381600,401599,,,"","",""
4258,"06000000076",3607353,"CA",1370,"20","VI-B","Documented",1440000,1515469,,,"","",""
4259,"06002026001",1175284,"CA",1370,"20","III-B","Documented",5748000,6049245,,,"N","",""
4268,"06023029001",3378890,"CA",1379,"20","VI-A","Documented",840000,846593,,,"","",""
38710,"06001040001",1175205,"CA",14023,"3","II","Documented",1260633,1315875,,,"N","",""
4087,"06009074001",1176093,"CA",1283,"20","II","Documented",53000,55740,,,"N","",""
4088,"06009074001",1176093,"CA",1283,"20","IV-B","Documented",50000,52585,,,"N","",""
4375,"06000000078",3607384,"CA",1471,"20","III-B","Documented",7550000,7830714,,,"N","",""
4376,"06000000078",3607384,"CA",1471,"20","IV-B","Documented",705000,731212,,,"Y","",""
4379,"06009019001",1176050,"CA",1476,"20","I","Documented",54942726,61300444,,,"N","",""
4399,"06009006001",1176037,"CA",1476,"20","II","Documented",25058197,26979292,,,"N","",""
5397,"06000000081",3607551,"CA",2304,"20","II","Documented",31680000,34375663,,,"N","",""
5398,"06000000081",3607551,"CA",2304,"20","IV-A","Documented",7250000,7866905,,,"N","",""
5399,"06000000081",3607551,"CA",2304,"20","X","Documented",775000,840945,,,"","",""
5476,"06002032003",1175289,"CA",2370,"20","I","Documented",528283814,528283814,,,"N","",""
5478,"06000203200",3509698,"CA",2370,"20","III-B","Documented",3571784834,3571784834,,,"N","",""
5480,"06000203200",3509698,"CA",2370,"20","V","Documented",53612094,53612094,,,"","",""
6515,"06000000094",3607861,"CA",2899,"20","VI-C","Documented",4919000,4911973,,,"","",""
5719,"06008006006",1175954,"CA",2501,"20","II","Documented",4122167,4275433,,,"N","",""
5720,"06008006006",1175954,"CA",2501,"20","III-B","Documented",2495000,2587766,,,"N","",""
5722,"06008006006",1175954,"CA",2501,"20","X","Documented",1218000,1263286,,,"","",""
5730,"06008006001",1175950,"CA",2501,"20","II","Documented",18441166,19126823,,,"N","",""
5731,"06008006001",1175950,"CA",2501,"20","X","Documented",429000,444951,,,"","",""
6533,"06006008001",1175861,"CA",2935,"20","II","Documented",38454700,36486874,,,"N","",""
6410,"06008023006",2942689,"CA",2833,"20","III-B","Documented",28100436,32047109,,,"N","",""
6414,"06008023002",2945322,"CA",2833,"20","III-B","Documented",25567297,29158193,,,"N","",""
6424,"06000000092",3607832,"CA",2860,"20","III-B","Documented",5553300,5796650,,,"N","",""
5724,"06008085001",1176028,"CA",2501,"20","II","Documented",6550166,7040110,,,"N","",""
5725,"06008085001",1176028,"CA",2501,"20","III-B","Documented",53272000,57256678,,,"N","",""
5727,"06008085001",1176028,"CA",2501,"20","X","Documented",1886000,2027070,,,"","",""
5140,"06004009004",1175480,"CA",2080,"20","II","Documented",17900000,17217304,,,"N","",""
5141,"06004009004",1175480,"CA",2080,"20","III-B","Documented",70860000,68157441,,,"Y","",""
5142,"06004009004",1175480,"CA",2080,"20","IV-B","Documented",200000,192372,,,"N","",""
18671,"06005240001",1175727,"CA",7431,"3","I","Documented",5800000,5940815,,,"N","",""
5151,"06004009005",1175481,"CA",2080,"20","II","Documented",62752014,60358689,,,"N","",""
5152,"06004009005",1175481,"CA",2080,"20","III-B","Documented",133310000,128225634,,,"Y","",""
5469,"06002032005",443709,"CA",2370,"20","IV-B","Documented",105771275,105771275,,,"N","",""
5477,"06002032002",1175288,"CA",2370,"20","I","Documented",147671134,147671134,,,"N","",""
5525,"06004003001",1175458,"CA",2407,"20","II","Documented",17255000,17147857,,,"N","",""
5526,"06004003001",1175458,"CA",2407,"20","III-B","Documented",13975000,13888224,,,"N","",""
5744,"06008006002",1175951,"CA",2501,"20","II","Documented",26236500,27211994,,,"N","",""
5745,"06008006002",1175951,"CA",2501,"20","III-B","Documented",1392000,1443756,,,"N","",""
5746,"06008006002",1175951,"CA",2501,"20","IV-A","Documented",2229000,2311876,,,"N","",""
6104,"06002156001",1175366,"CA",2658,"20","III-B","Documented",5561510,5823525,,,"N","",""
6529,"06005239001",1175726,"CA",2923,"20","III-B","Documented",2400000,2396571,,,"Y","",""
6530,"06000000095",3607863,"CA",2923,"20","VI-A","Documented",400000,399429,,,"","",""
6621,"06000000096",3607867,"CA",3045,"20","III-B","Documented",12141000,11116524,,,"N","",""
6622,"06000000097",3607868,"CA",3045,"20","VI-C","Documented",21910000,20061201,,,"","",""
6633,"06009047001",1176085,"CA",3056,"20","III-B","Documented",6225000,6216106,,,"N","",""
6634,"06000000101",3607883,"CA",3056,"20","VI-C","Documented",2300000,2296714,,,"","",""
6761,"06002082001",1175340,"CA",3120,"20","I","Documented",1320000,1449149,,,"N","",""
6762,"06002082001",1175340,"CA",3120,"20","III-B","Documented",1300000,1427192,,,"N","",""
6763,"06002082001",1175340,"CA",3120,"20","X","Documented",29408921,32286285,,,"","",""
7296,"06008062001",1176010,"CA",3272,"20","III-B","Documented",49057000,54793881,,,"N","",""
7442,"06008060001",1176008,"CA",3337,"20","III-B","Documented",2625000,2608700,,,"N","",""
7443,"06008060001",1176008,"CA",3337,"20","IV-A","Documented",400000,397516,,,"N","",""
7482,"06004009002",1175478,"CA",3353,"20","II","Documented",41740000,40148061,,,"N","",""
7483,"06004009002",1175478,"CA",3353,"20","III-B","Documented",56505000,54349932,,,"N","",""
7484,"06004009002",1175478,"CA",3353,"20","X","Documented",2400000,2308465,,,"","",""
5323,"06008001001",1175945,"CA",2240,"20","II","Documented",35474506,36708624,,,"N","",""
5324,"06008001001",1175945,"CA",2240,"20","III-B","Documented",28575226,29569326,,,"N","",""
5325,"06008001001",1175945,"CA",2240,"20","IV-A","Documented",16610936,17188812,,,"N","",""
3965,"06008011001",1175962,"CA",1236,"20","III-B","Documented",2195000,2310037,,,"N","",""
3966,"06008011001",1175962,"CA",1236,"20","IV-A","Documented",8760000,9219100,,,"N","",""
3967,"06008011001",1175962,"CA",1236,"20","X","Documented",1655000,1741736,,,"","",""
3480,"06000000065",3606861,"CA",910,"20","II","Documented",3431250,3558826,,,"N","",""
6409,"06008023011",2944164,"CA",2833,"20","III-B","Documented",43033547,49077557,,,"N","",""
6412,"06008023001",2942642,"CA",2833,"20","III-B","Documented",77836719,88768793,,,"N","",""
6413,"06008023001",2942642,"CA",2833,"20","IV-B","Documented",5752622,6560571,,,"N","",""
6383,"06008022002",1175977,"CA",2833,"20","I","Documented",1181957213,1347961685,,,"N","",""
6422,"06021010005",2902596,"CA",2856,"20","VI-C","Documented",12812000,12251674,,,"","",""
6534,"06006008001",1175861,"CA",2935,"20","III-B","Documented",2905000,2756344,,,"N","",""
6415,"06008023003",2945422,"CA",2833,"20","III-B","Documented",143321330,163450639,,,"N","",""
6511,"06000000091",3607829,"CA",2899,"20","II","Documented",19420000,19392254,,,"N","",""
6512,"06000000091",3607829,"CA",2899,"20","III-B","Documented",8190000,8178299,,,"N","",""
6635,"06003012001",1175381,"CA",2280,"3","II","Documented",6656535,7449147,,,"N","",""
6709,"06002174001",3008943,"CA",3085,"20","III-B","Documented",12907000,13456495,,,"N","",""
6710,"06022174001",3009462,"CA",3085,"20","VI-C","Documented",750000,781930,,,"","",""
5953,"06008010003",1175961,"CA",2601,"20","IV-B","Documented",46996500,50511778,,,"N","",""
18260,"06000000190",3609351,"CA",6520,"9","VII-B","Documented",156250,156250,,,"","",""
6751,"06000000075",3607083,"CA",3111,"20","III-B","Documented",1800000,1937867,,,"N","",""
6752,"06000000075",3607083,"CA",3111,"20","IV-B","Documented",75000,80744,,,"N","",""
6753,"06000000075",3607083,"CA",3111,"20","X","Documented",875000,942019,,,"","",""
7107,"06022041002",470876,"CA",2066,"20","VI-A","Documented",4350000,4082159,,,"","",""
7108,"06002041001",1175299,"CA",2066,"20","II","Documented",317338292,308599961,,,"N","",""
7109,"06002041001",1175299,"CA",2066,"20","X","Documented",3666000,3565052,,,"","",""
7129,"06004010002",1175492,"CA",3200,"20","II","Documented",40414754,44316666,,,"N","",""
7320,"06004014001",1175501,"CA",3288,"20","II","Documented",7802000,7528930,,,"N","",""
7426,"06002025001",1175283,"CA",3329,"20","II","Documented",646547000,613533988,,,"N","",""
7427,"06002025001",1175283,"CA",3329,"20","III-B","Documented",268754000,255031287,,,"N","",""
7428,"06002025001",1175283,"CA",3329,"20","X","Documented",2253000,2137961,,,"","",""
7439,"06006004001",1175857,"CA",3335,"20","II","Documented",33645939,32902111,,,"N","",""
7440,"06006004001",1175857,"CA",3335,"20","III-B","Documented",76226463,74541285,,,"N","",""
7441,"06006004001",1175857,"CA",3335,"20","X","Documented",3294680,3221843,,,"","",""
7485,"06004009010",1175486,"CA",3353,"20","II","Documented",76920000,73986316,,,"N","",""
7486,"06004009010",1175486,"CA",3353,"20","III-B","Documented",51880000,49901327,,,"N","",""
7494,"06004009009",1175485,"CA",3353,"20","II","Documented",206950000,199057047,,,"N","",""
7495,"06004009009",1175485,"CA",3353,"20","III-B","Documented",72420000,69657943,,,"N","",""
7496,"06004009009",1175485,"CA",3353,"20","X","Documented",22250000,21401398,,,"","",""
6801,"06002032004",442052,"CA",2370,"20","I","Documented",132810000,132810000,,,"N","",""
6947,"06006012501",3533076,"CA",3154,"20","III-B","Documented",1300000,1291928,,,"N","",""
7220,"06002084001",1175341,"CA",3245,"20","III-B","Documented",26000000,24535323,,,"N","",""
7505,"06005010001",1175530,"CA",3359,"20","II","Documented",6950000,6364300,,,"N","",""
7506,"06005010001",1175530,"CA",3359,"20","III-B","Documented",6329000,5795634,,,"N","",""
6404,"06008023005",2942682,"CA",2833,"20","III-B","Documented",42914738,48942061,,,"N","",""
6406,"06008038001",1175992,"CA",2833,"20","III-B","Documented",82308050,93868117,,,"N","",""
6420,"06001010005",1175180,"CA",2856,"20","III-B","Documented",12926076,12809078,,,"N","",""
6509,"06000000093",3607833,"CA",2860,"20","VI-C","Documented",267784,279518,,,"","",""
8113,"06008022001",1175976,"CA",3654,"20","I","Documented",788498068,899241676,,,"N","",""
7849,"06004010005",1175495,"CA",3503,"20","III-B","Documented",573097143,628427793,,,"N","",""
7912,"06000000112",3608022,"CA",3527,"20","X","Documented",23600000,24820094,,,"","",""
8264,"06000000116",3608102,"CA",3292,"20","I","Documented",265000,264621,,,"N","",""
7929,"06008010006",3486596,"CA",3536,"20","II","Documented",32639853,35081272,,,"N","",""
7930,"06008010006",3486596,"CA",3536,"20","X","Documented",74267175,79822265,,,"","",""
7941,"06008010004",3486590,"CA",3536,"20","II","Documented",124584500,133903262,,,"N","",""
8260,"06000000114",3608100,"CA",3292,"20","I","Documented",265000,264621,,,"N","",""
8346,"06004007001",1175462,"CA",3811,"20","II","Documented",3593000,3717996,,,"N","",""
8347,"06004007001",1175462,"CA",3811,"20","III-B","Documented",5430000,5618904,,,"N","",""
8372,"06001045001",1175209,"CA",3829,"20","II","Documented",32600000,33572616,,,"N","",""
8373,"06001045001",1175209,"CA",3829,"20","III-B","Documented",19269500,19844402,,,"N","",""
8666,"06009032001",1176070,"CA",4056,"20","II","Documented",1033960,946824,,,"N","",""
8667,"06009032001",1176070,"CA",4056,"20","III-B","Documented",15149880,13873149,,,"N","",""
8669,"06000000120",3608161,"CA",4056,"20","VI-A","Documented",6965900,6378860,,,"","",""
8675,"06000000068",3606909,"CA",4061,"3","II","Documented",25999900,28077427,,,"N","",""
8677,"06002052001",1175310,"CA",4064,"3","III-B","Documented",25000000,26095520,,,"N","",""
8693,"06002023001",1175281,"CA",4080,"20","II","Documented",95327000,98171066,,,"N","",""
8694,"06002023001",1175281,"CA",4080,"20","III-B","Documented",100000,102983,,,"N","",""
8743,"06004001001",1175456,"CA",4099,"20","III-B","Documented",14462000,14372200,,,"N","",""
8697,"06008010008",410633,"CA",4082,"20","III-B","Documented",3118000,3098639,,,"N","",""
7937,"06008010001",1175959,"CA",3536,"20","II","Documented",248347600,266923684,,,"N","",""
7938,"06008010001",1175959,"CA",3536,"20","X","Documented",74267175,79822265,,,"","",""
7201,"06002069001",1175329,"CA",3236,"20","II","Documented",15767000,14960162,,,"N","",""
7202,"06002069001",1175329,"CA",3236,"20","III-B","Documented",25487000,24182764,,,"N","",""
7203,"06002069001",1175329,"CA",3236,"20","X","Documented",829000,786578,,,"","",""
7402,"06000000090",3607791,"CA",3317,"20","X","Documented",120000000,113872740,,,"","",""
7479,"06005227002",3520617,"CA",3349,"20","II","Documented",1340000,1226929,,,"N","",""
7480,"06005227002",3520617,"CA",3349,"20","III-B","Documented",75000,68671,,,"N","",""
7677,"06003028001",1175395,"CA",3415,"20","I","Documented",349000,369736,,,"N","",""
7678,"06003028001",1175395,"CA",3415,"20","II","Documented",4960000,5254701,,,"N","",""
7679,"06003028001",1175395,"CA",3415,"20","III-B","Documented",722000,764898,,,"N","",""
7690,"06002081001",1175339,"CA",3428,"20","I","Documented",404421000,383771062,,,"N","",""
7691,"06002081001",1175339,"CA",3428,"20","III-B","Documented",148977500,141370635,,,"N","",""
7692,"06002081001",1175339,"CA",3428,"20","IV-B","Documented",19132750,18155822,,,"N","",""
7722,"06002081001",1175339,"CA",3428,"20","II","Documented",287300500,272630793,,,"N","",""
7321,"06004014001",1175501,"CA",3288,"20","III-B","Documented",3150000,3039750,,,"N","",""
7322,"06004014001",1175501,"CA",3288,"20","X","Documented",8043000,7761495,,,"","",""
24932,"06005159001",1175677,"CA",9798,"20","I","Documented",2000000,2118831,,,"N","Secondary Mechanical",""
24933,"06005159001",1175677,"CA",9798,"20","III-B","Documented",1620000,1716253,,,"N","",""
7189,"06002108001",1175347,"CA",3232,"20","II","Documented",60850217,57736354,,,"N","",""
7190,"06002108001",1175347,"CA",3232,"20","III-B","Documented",38111522,36161257,,,"N","",""
7191,"06002108001",1175347,"CA",3232,"20","X","Documented",4155000,3942378,,,"","",""
7509,"06005010002",1175531,"CA",3359,"20","II","Documented",16390000,15008759,,,"N","",""
7510,"06005010002",1175531,"CA",3359,"20","III-B","Documented",7760000,7106039,,,"N","",""
7530,"06000000108",3607994,"CA",3366,"20","VI-C","Documented",80000,79886,,,"","",""
7680,"06006009001",1175862,"CA",3418,"20","II","Documented",121850000,115614620,,,"N","",""
7681,"06006009001",1175862,"CA",3418,"20","III-B","Documented",120800000,114618352,,,"N","",""
6933,"06009031002",1176067,"CA",3148,"20","II","Documented",38988867,35703143,,,"N","",""
7030,"06000000104",3607926,"CA",3185,"20","III-A","Documented",9540696,9481454,,,"N","",""
7031,"06000000104",3607926,"CA",3185,"20","III-B","Documented",10612989,10547089,,,"N","",""
7123,"06002032005",443709,"CA",2377,"3","V","Documented",45000000,46690261,,,"","",""
8942,"06000000086",3607691,"CA",3415,"20","VI-C","Documented",3765000,3988699,,,"","",""
9113,"06009077001",1176096,"CA",4243,"20","III-B","Documented",93204338,93204338,,,"N","",""
9114,"06009077001",1176096,"CA",4243,"20","IV-B","Documented",1250000,1250000,,,"N","",""
9117,"06000000117",3608103,"CA",4245,"20","II","Documented",28100000,32885408,,,"N","",""
9118,"06000000117",3608103,"CA",4245,"20","X","Documented",72000000,84261543,,,"","",""
9014,"06000000126",3608299,"CA",4223,"20","III-B","Documented",4230000,3873524,,,"N","",""
9102,"06000000125",3608290,"CA",4187,"20","X","Documented",400000,366247,,,"","",""
8173,"06008015001",1175965,"CA",3699,"3","X","Documented",31700000,33885617,,,"","",""
8267,"06000000115",3608101,"CA",3292,"20","I","Documented",265000,264621,,,"N","",""
8314,"06004027001",1175513,"CA",3797,"20","I","Documented",31388000,35447684,,,"N","",""
8317,"06000000118",3608104,"CA",3797,"20","VI-A","Documented",4551000,5139621,,,"","",""
8318,"06000000118",3608104,"CA",3797,"20","VI-B","Documented",1850000,2089277,,,"","",""
8352,"06024007001",474006,"CA",3811,"20","VI-A","Documented",1600000,1597714,,,"","",""
8353,"06024007001",474006,"CA",3811,"20","VI-B","Documented",600000,599142,,,"","",""
8704,"06008058001",1176007,"CA",4087,"20","III-B","Documented",21309980,22549969,,,"N","",""
8817,"06005053001",1175571,"CA",4142,"20","II","Documented",117544150,121051061,,,"N","",""
8818,"06005053001",1175571,"CA",4142,"20","III-B","Documented",80498000,82899645,,,"N","",""
8819,"06005053001",1175571,"CA",4142,"20","X","Documented",13854150,14267486,,,"","",""
8348,"06004007001",1175462,"CA",3809,"20","II","Documented",43929000,47849023,,,"N","",""
8384,"06009075001",1176094,"CA",3833,"20","II","Documented",85775000,85775000,,,"N","",""
8385,"06009075001",1176094,"CA",3833,"20","X","Documented",31055000,31055000,,,"","",""
8386,"06005077001",1175595,"CA",3834,"20","II","Documented",1033000,1071408,,,"N","",""
8387,"06005077001",1175595,"CA",3834,"20","III-B","Documented",2108000,2186377,,,"N","",""
7920,"06000000113",3608023,"CA",3527,"20","VI-A","Documented",675000,709896,,,"","",""
7931,"06008010005",3486593,"CA",3536,"20","II","Documented",238400000,256232016,,,"N","",""
7932,"06008010005",3486593,"CA",3536,"20","X","Documented",74267175,79822265,,,"","",""
7942,"06008010004",3486590,"CA",3536,"20","X","Documented",80567175,86593497,,,"","",""
8745,"06000000098",3607877,"CA",4097,"20","I","Documented",670000,669043,,,"N","",""
8746,"06000000098",3607877,"CA",4097,"20","II","Documented",9000000,8987142,,,"N","",""
8747,"06008041002",1175996,"CA",4100,"20","II","Documented",66050000,79457720,,,"N","",""
8748,"06008041002",1175996,"CA",4100,"20","X","Documented",66050000,79457720,,,"","",""
9470,"06000000129",3608381,"CA",4360,"20","VI-C","Documented",10897737,9979348,,,"","",""
7995,"06008015001",1175965,"CA",3560,"20","III-B","Documented",31660000,32537352,,,"N","",""
8134,"06029031001",402846,"CA",3665,"20","VI-A","Documented",412910869,391827435,,,"","",""
8135,"06029031001",402846,"CA",3665,"20","VI-B","Documented",1311403448,1244442535,,,"","",""
8138,"06000000102",3607908,"CA",3665,"20","II","Documented",1988022928,1886513488,,,"N","",""
8139,"06000000102",3607908,"CA",3665,"20","X","Documented",1988022928,1886513488,,,"","",""
8268,"06009007001",1176038,"CA",3768,"20","III-B","Documented",6474000,7383131,,,"N","",""
7104,"06000000080",3607474,"CA",2066,"20","III-A","Documented",1000000,972464,,,"N","",""
7126,"06004010001",1175491,"CA",3200,"20","II","Documented",27206769,29833493,,,"N","",""
7127,"06004010004",1175494,"CA",3200,"20","II","Documented",132501601,145294196,,,"N","",""
7128,"06004010003",1175493,"CA",3200,"20","II","Documented",142881762,156676528,,,"N","",""
7325,"06002036001",1175294,"CA",3292,"20","II","Documented",281021000,290797406,,,"N","",""
7326,"06002036001",1175294,"CA",3292,"20","III-B","Documented",40782000,42200760,,,"N","",""
7487,"06004009003",1175479,"CA",3353,"20","II","Documented",140725564,135358373,,,"N","",""
7488,"06004009003",1175479,"CA",3353,"20","III-B","Documented",107007000,102925815,,,"N","",""
7489,"06004009003",1175479,"CA",3353,"20","IV-B","Documented",30000000,28855817,,,"N","",""
7491,"06004009008",1175484,"CA",3353,"20","II","Documented",97792290,94062549,,,"N","",""
7492,"06004009008",1175484,"CA",3353,"20","III-B","Documented",19900000,19141026,,,"N","",""
7493,"06004009008",1175484,"CA",3353,"20","IV-A","Documented",90000,86567,,,"N","",""
7497,"06008068001",1176014,"CA",3357,"20","III-B","Documented",14134285,13119380,,,"Y","",""
7528,"06008016001",1175967,"CA",3366,"20","III-B","Documented",3380000,3375170,,,"N","",""
7683,"06002110001",1175349,"CA",3420,"20","III-B","Documented",13737000,14070513,,,"N","",""
7125,"06004010001",1175491,"CA",3200,"20","I","Documented",67856308,74407612,,,"N","",""
7130,"06024000001",3500317,"CA",3200,"20","VI-A","Documented",3439380,3639441,,,"","",""
7131,"06024000001",3500317,"CA",3200,"20","VI-B","Documented",7278000,7701344,,,"","",""
7390,"06000000105",3607961,"CA",3302,"20","II","Documented",5870000,5664550,,,"N","",""
7434,"06000000106",3607985,"CA",3334,"20","III-B","Documented",3650000,3342007,,,"N","",""
8137,"06009031001",1176066,"CA",3665,"20","I","Documented",38988867,35703143,,,"N","",""
8360,"06005000002",3514618,"CA",3821,"24","III-B","Documented",153956000,166175593,,,"N","",""
8361,"06005000002",3514618,"CA",3821,"24","IV-B","Documented",1143200000,1233936568,,,"N","",""
8388,"06000000119",3608134,"CA",3834,"20","VI-A","Documented",1190000,1234245,,,"","",""
8120,"06000000107",3607986,"CA",3659,"20","VI-A","Documented",47640000,45202138,,,"","",""
8121,"06000000107",3607986,"CA",3659,"20","VI-B","Documented",2300000,2182303,,,"","",""
8125,"06008004001",1175948,"CA",3283,"20","II","Documented",222963000,244489347,,,"N","",""
8126,"06000000103",3607909,"CA",3665,"20","III-B","Documented",536045718,508674957,,,"Y","",""
8159,"06008015001",1175965,"CA",3560,"20","IV-B","Documented",9800000,10071574,,,"N","",""
8898,"06005122002",1175653,"CA",4178,"20","III-B","Documented",9703000,9105561,,,"N","",""
9471,"06005235001",1175722,"CA",4360,"20","I","Documented",1623000,1486224,,,"N","",""
9472,"06005235001",1175722,"CA",4360,"20","III-B","Documented",327500,299901,,,"N","",""
8741,"06000000100",3607879,"CA",4097,"20","III-B","Documented",325000,324535,,,"N","",""
8742,"06000000100",3607879,"CA",4097,"20","IV-B","Documented",180000,179743,,,"N","",""
8785,"06000000121",3608175,"CA",4116,"3","IV-B","Documented",36540937,40043231,,,"N","",""
8744,"06000000099",3607878,"CA",4097,"20","I","Documented",670000,669043,,,"N","",""
8792,"06000000121",3608175,"CA",4118,"3","IV-A","Documented",2050000,1945096,,,"N","",""
9017,"06000000128",3608301,"CA",4225,"20","VI-C","Documented",425000,424393,,,"","",""
42708,"06000000308",3612879,"CA",15749,"3","X","Documented",19876193,19900973,,,"","",""
10535,"06000000131",3608421,"CA",4606,"20","III-A","Documented",169512,179548,,,"N","",""
9717,"06002023001",1175281,"CA",4080,"20","X","Documented",1050000,1081327,,,"","",""
10536,"06000000131",3608421,"CA",4606,"20","III-B","Documented",8642600,9154280,,,"N","",""
10550,"06000000135",3608519,"CA",4734,"20","VI-C","Documented",550000,503650,,,"","",""
10683,"06000000136",3608525,"CA",4763,"20","VI-C","Documented",2353000,2154705,,,"","",""
10070,"06009023001",1176055,"CA",4557,"20","III-B","Documented",13386520,12258393,,,"N","",""
10046,"06000000132",3608439,"CA",4187,"20","II","Documented",6850000,6271987,,,"N","",""
10677,"06002039001",1175297,"CA",4759,"20","I","Documented",8675000,8232050,,,"N","",""
10678,"06002039001",1175297,"CA",4759,"20","III-B","Documented",24961979,23687408,,,"N","",""
10679,"06002039001",1175297,"CA",4759,"20","X","Documented",55000000,52191673,,,"","",""
10691,"06002012001",1175273,"CA",4765,"20","II","Documented",269821700,262391801,,,"N","",""
10551,"06005126001",1175657,"CA",4734,"20","I","Documented",12537000,11480465,,,"N","",""
10552,"06005126001",1175657,"CA",4734,"20","III-B","Documented",300000,274718,,,"N","",""
10319,"06005244001",1175730,"CA",4672,"20","I","Documented",1185900,1086345,,,"N","",""
10320,"06005244001",1175730,"CA",4672,"20","III-B","Documented",597000,546883,,,"N","",""
10443,"06001036001",1175202,"CA",4700,"20","II","Documented",67357000,69700275,,,"N","",""
10444,"06001036001",1175202,"CA",4700,"20","III-B","Documented",9355000,9680450,,,"N","",""
10446,"06000000134",3608500,"CA",4700,"20","VI-C","Documented",5531000,5523097,,,"","",""
10682,"06002091001",1175343,"CA",4763,"20","III-B","Documented",22535000,20635900,,,"N","",""
8710,"06008021001",1175975,"CA",4090,"20","III-B","Documented",104314225,127464788,,,"N","",""
8726,"06000000121",3608175,"CA",4095,"20","III-B","Documented",152136100,183018738,,,"N","",""
8727,"06000000121",3608175,"CA",4095,"20","IV-A","Documented",10015500,12048581,,,"N","",""
8886,"06000000124",3608283,"CA",4167,"20","II","Documented",7044000,6538209,,,"N","",""
8887,"06000000124",3608283,"CA",4167,"20","III-B","Documented",855000,793607,,,"N","",""
8908,"06000000125",3608290,"CA",4187,"20","III-B","Documented",395000,361669,,,"N","",""
9015,"06000000127",3608300,"CA",4223,"20","VI-C","Documented",2425000,2220637,,,"","",""
9016,"06000000087",3607695,"CA",4225,"20","III-B","Documented",1200000,1198286,,,"N","",""
9123,"06004032001",1175516,"CA",4248,"20","II","Documented",2602118,2753531,,,"N","",""
9124,"06004032001",1175516,"CA",4248,"20","III-B","Documented",1220000,1290990,,,"N","",""
9184,"06008005001",1175949,"CA",4273,"20","III-B","Documented",420000,444124,,,"N","",""
8820,"06000000123",3608282,"CA",4142,"20","II","Documented",175250,174162,,,"N","",""
12000,"06025019002",3534816,"CA",5041,"20","VI-C","Documented",2076600,2073633,,,"","",""
12007,"06000000140",3608711,"CA",5045,"20","III-B","Documented",1200000,1192549,,,"N","",""
11996,"06005019002",3478130,"CA",5041,"20","II","Documented",2721887,2717998,,,"N","",""
11997,"06005019002",3478130,"CA",5041,"20","III-B","Documented",4730000,4723242,,,"N","",""
12001,"06000000141",3608717,"CA",5043,"20","VI-C","Documented",5881000,5384752,,,"","",""
12002,"06005026001",1175548,"CA",5043,"20","I","Documented",845000,773697,,,"N","",""
12003,"06005026001",1175548,"CA",5043,"20","III-B","Documented",8937250,8183111,,,"N","",""
12042,"06000000142",3608724,"CA",5053,"20","VI-C","Documented",17000000,15953266,,,"","",""
12043,"06009033001",1176072,"CA",5053,"20","III-B","Documented",27530000,25834908,,,"N","",""
10689,"06002012001",1175273,"CA",4765,"20","III-A","Documented",4377500,4256960,,,"N","",""
10690,"06002012001",1175273,"CA",4765,"20","III-B","Documented",32136100,31251190,,,"N","",""
10122,"06009049001",1176086,"CA",4577,"20","III-B","Documented",1124462,1142373,,,"N","",""
10512,"06003017001",1238812,"CA",4723,"20","II","Documented",3185000,3716130,,,"N","",""
10513,"06003017001",1238812,"CA",4723,"20","III-B","Documented",684000,798064,,,"N","",""
10541,"06000000130",3608420,"CA",4606,"20","VI-A","Documented",244512,258989,,,"","",""
9955,"06022039001",3347694,"CA",4515,"20","VI-C","Documented",480000,439549,,,"","",""
11274,"06000000138",3608601,"CA",4910,"20","VI-C","Documented",997500,913437,,,"","",""
11001,"06000000137",3608581,"CA",4824,"20","I","Documented",4358500,3991195,,,"N","",""
11002,"06000000137",3608581,"CA",4824,"20","III-B","Documented",4391000,4020955,,,"N","",""
11306,"06000000139",3608621,"CA",4921,"20","VI-C","Documented",1689000,1546480,,,"","",""
10995,"06006007001",1175860,"CA",4818,"20","III-B","Documented",6765000,6755335,,,"N","",""
11003,"06006020001",1175875,"CA",4827,"20","III-B","Documented",2578000,2574317,,,"N","",""
12761,"06006005001",1175858,"CA",5182,"20","I","Documented",63206143,60795497,,,"N","",""
12762,"06006005001",1175858,"CA",5182,"20","X","Documented",500000,480930,,,"","",""
12817,"06000000133",3608440,"CA",5204,"20","III-A","Documented",4812300,5257391,,,"N","",""
12423,"06000000143",3608762,"CA",5118,"20","VI-C","Documented",2215500,2056417,,,"","",""
13064,"06000000133",3608440,"CA",5259,"1","IV-B","Documented",2678000,2796911,,,"N","",""
12842,"06005098001",1175618,"CA",5203,"20","II","Documented",3631931,4141172,,,"N","Secondary Mechanical",""
13610,"06000000149",3608850,"CA",5486,"20","III-B","Documented",6662500,6252273,,,"N","",""
13611,"06000000149",3608850,"CA",5486,"20","X","Documented",312500,293259,,,"","",""
13619,"06000000153",3608861,"CA",5494,"3","I","Documented",49120000,52794113,,,"N","",""
13665,"06007002001",1175909,"CA",5511,"20","I","Documented",5080700,4651982,,,"N","",""
13666,"06007002001",1175909,"CA",5511,"20","III-B","Documented",5300000,4852778,,,"N","",""
13144,"06008026001",1175981,"CA",5288,"20","III-B","Documented",11540000,10711376,,,"N","",""
13432,"06009004001",1176034,"CA",5440,"20","I","Documented",4308699,3945125,,,"N","",""
13433,"06009004001",1176034,"CA",5440,"20","III-B","Documented",4980467,4560208,,,"N","",""
13428,"06002016001",1175275,"CA",5437,"20","III-A","Documented",800000,859839,,,"N","",""
13429,"06002016001",1175275,"CA",5437,"20","III-B","Documented",40375000,43394999,,,"N","",""
13434,"06000000146",3608836,"CA",5437,"20","VI-A","Documented",15400000,15972584,,,"","",""
13220,"06002072001",1175334,"CA",5337,"20","III-A","Documented",70000,72603,,,"N","",""
13221,"06002072001",1175334,"CA",5337,"20","III-B","Documented",63800,66172,,,"N","",""
13222,"06002072001",1175334,"CA",5337,"20","IV-A","Documented",3380000,3505671,,,"N","",""
13061,"06005043001",1175563,"CA",5257,"20","I","Documented",2850000,2919194,,,"N","",""
13062,"06005043001",1175563,"CA",5257,"20","III-B","Documented",200000,204856,,,"N","",""
13436,"06005177001",1175687,"CA",5442,"20","I","Documented",1983646,1930326,,,"N","",""
13450,"06008045001",1175999,"CA",5448,"20","III-B","Documented",10236523,9372750,,,"N","",""
13454,"06004002001",1175457,"CA",5451,"20","II","Documented",24423000,24628509,,,"N","",""
13455,"06004002001",1175457,"CA",5451,"20","III-B","Documented",31454000,31718672,,,"N","",""
13065,"06000000133",3608440,"CA",5260,"1","IV-B","Documented",1820000,2050415,,,"N","",""
13063,"06025043001",2859980,"CA",5257,"20","VI-C","Documented",8724000,8935805,,,"","",""
13251,"06001006001",1175172,"CA",5293,"20","III-B","Documented",38868042,40593890,,,"N","",""
12841,"06005098001",1175618,"CA",5204,"20","II","Documented",1973310,2080368,,,"N","Secondary Mechanical",""
12818,"06000000133",3608440,"CA",5204,"20","III-B","Documented",34188290,37350374,,,"N","",""
12827,"06005098002",3479031,"CA",5203,"20","II","Documented",21018653,23965727,,,"N","Secondary Mechanical",""
12819,"06000000133",3608440,"CA",5203,"20","III-A","Documented",8196790,9685058,,,"N","",""
12820,"06000000133",3608440,"CA",5203,"20","III-B","Documented",52277880,61769827,,,"N","",""
12826,"06005098002",3479031,"CA",5204,"20","II","Documented",1315540,1386912,,,"N","",""
12828,"06000000133",3608440,"CA",5203,"20","IV-B","Documented",5040191,5955324,,,"N","",""
12838,"06009019002",1176051,"CA",5205,"20","III-B","Documented",61227557,58094385,,,"N","",""
12839,"06009019002",1176051,"CA",5205,"20","X","Documented",7295000,6921696,,,"","",""
12891,"06009015003",1176047,"CA",5218,"20","II","Documented",1808000,1788213,,,"N","",""
12892,"06009015003",1176047,"CA",5218,"20","III-B","Documented",6925000,6849209,,,"N","",""
14003,"06009009001",1176040,"CA",5638,"20","III-B","Documented",1450000,1518313,,,"N","",""
14222,"06009014002",1176046,"CA",5658,"74","X","Documented",1182286,1274955,,,"","",""
14221,"06009014002",1176046,"CA",5658,"74","II","Documented",3569100,3848851,,,"N","",""
14245,"06009014001",1176045,"CA",5658,"74","III-B","Documented",21719240,23421624,,,"N","",""
14255,"06002015001",1175274,"CA",5726,"20","I","Documented",14864000,17797148,,,"N","",""
14270,"06002071001",1175331,"CA",5741,"20","II","Documented",24905000,24354412,,,"N","",""
14271,"06002071001",1175331,"CA",5741,"20","III-A","Documented",800000,782314,,,"N","",""
14272,"06002071001",1175331,"CA",5741,"20","III-B","Documented",46669500,45637753,,,"N","",""
14450,"06005001001",1175523,"CA",5827,"20","III-B","Documented",6865900,6372898,,,"N","",""
14358,"06000000158",3608996,"CA",5779,"20","VI-A","Documented",795690,829565,,,"","",""
14363,"06003060001",1175427,"CA",5781,"20","II","Documented",19500000,17856669,,,"N","",""
14375,"06009011001",1176042,"CA",5790,"74","I","Documented",137342000,142119975,,,"N","",""
14449,"06005001001",1175523,"CA",5827,"20","II","Documented",3352500,3111776,,,"N","",""
14451,"06022044001",2864707,"CA",5830,"20","VI-C","Documented",6659000,6425935,,,"","",""
14134,"06005011001",1175532,"CA",5641,"20","III-B","Documented",2410200,2534805,,,"N","",""
14209,"06002030001",1238810,"CA",5700,"20","I","Documented",4509121,4745439,,,"N","",""
14210,"06002030001",1238810,"CA",5700,"20","III-B","Documented",12522065,13178330,,,"N","",""
14235,"06000000154",3608935,"CA",5718,"3","I","Documented",50400000,59908505,,,"N","",""
14253,"06002015001",1175274,"CA",5727,"20","III-B","Documented",5400000,5889127,,,"N","",""
13638,"06000000145",3608834,"CA",5502,"20","III-B","Documented",5350000,5391991,,,"N","",""
13706,"06008100001",1176031,"CA",5529,"20","II","Documented",6432000,6482483,,,"N","",""
13707,"06008100001",1176031,"CA",5529,"20","III-B","Documented",1299000,1309195,,,"N","",""
13605,"06002046001",1175306,"CA",5485,"20","I","Documented",14195000,14722781,,,"N","Secondary Mechanical",""
16896,"06001010005",1175180,"CA",2856,"20","I","Documented",13794579,13669720,,,"N","",""
18261,"06000000190",3609351,"CA",6520,"9","VII-F","Documented",168750,168750,,,"","",""
17495,"06003021001",1175388,"CA",7005,"20","II","Documented",49178770,46667678,,,"N","",""
17496,"06003021001",1175388,"CA",7005,"20","III-B","Documented",5828590,5530979,,,"N","",""
17497,"06003021001",1175388,"CA",7005,"20","X","Documented",85260,80907,,,"","",""
17057,"06024006001",3517876,"CA",6848,"20","VI-A","Documented",90541000,85907783,,,"","",""
13826,"06007021001",1175929,"CA",5572,"20","I","Documented",18644565,17690474,,,"N","",""
13827,"06007021001",1175929,"CA",5572,"20","III-B","Documented",547516,519498,,,"N","",""
13890,"06002016001",1175275,"CA",5593,"20","X","Documented",14500000,14500000,,,"","",""
13607,"06000000151",3608857,"CA",5486,"20","VI-C","Documented",2208000,2072048,,,"","",""
13709,"06009040001",1176078,"CA",5530,"20","III-B","Documented",62340000,69307260,,,"N","",""
13701,"06001010005",1175180,"CA",5525,"20","I","Documented",27482400,28702694,,,"N","",""
13953,"06003050001",1175418,"CA",5614,"20","II","Documented",3704350,3574698,,,"N","",""
13954,"06003050001",1175418,"CA",5614,"20","III-B","Documented",6900000,6658500,,,"N","",""
13863,"06003040001",1175407,"CA",5585,"20","I","Documented",700000,675500,,,"N","",""
13864,"06003040001",1175407,"CA",5585,"20","III-A","Documented",250000,241250,,,"N","",""
13865,"06003040001",1175407,"CA",5585,"20","III-B","Documented",200000,193000,,,"N","",""
13883,"06005027001",1175549,"CA",5589,"20","III-B","Documented",15743166,14612735,,,"N","",""
13591,"06000000150",3608852,"CA",5480,"20","VI-A","Documented",140200,139999,,,"","",""
13606,"06002046001",1175306,"CA",5485,"20","III-B","Documented",14000000,14520531,,,"N","Secondary Mechanical",""
13589,"06005205001",1175708,"CA",5480,"20","II","Documented",5713050,5704888,,,"N","",""
13590,"06005205001",1175708,"CA",5480,"20","III-B","Documented",2182000,2178882,,,"N","",""
14404,"06008024001",1175978,"CA",5808,"20","I","Documented",39296000,47272832,,,"N","Secondary Mechanical",""
14405,"06008024001",1175978,"CA",5808,"20","III-B","Documented",55529000,66801026,,,"N","Secondary Mechanical",""
14406,"06008024001",1175978,"CA",5808,"20","IV-A","Documented",5698000,6854657,,,"N","Secondary Mechanical",""
14407,"06008024001",1175978,"CA",5808,"20","IV-B","Documented",1890000,2273658,,,"N","Secondary Mechanical",""
14414,"06005004001",1238814,"CA",5812,"20","III-B","Documented",5750000,6051350,,,"N","",""
14416,"06002033001",1175290,"CA",5814,"20","I","Documented",61670000,58514187,,,"N","",""
14417,"06002033001",1175290,"CA",5814,"20","III-A","Documented",3138300,2977705,,,"N","",""
14418,"06002033001",1175290,"CA",5814,"20","III-B","Documented",128785750,122195450,,,"N","",""
14429,"06000000159",3609003,"CA",5797,"101c","VII-C","Documented",6625000000,6625000000,,,"","","Y"
14139,"06005011001",1175532,"CA",5641,"20","I","Documented",1505126,1582940,,,"N","Secondary Mechanical",""
14140,"06005011001",1175532,"CA",5641,"20","IV-A","Documented",7650000,8045496,,,"N","Secondary Mechanical",""
14141,"06005011001",1175532,"CA",5669,"20","III-B","Documented",4941000,5821313,,,"N","Secondary Mechanical",""
14142,"06005011001",1175532,"CA",5669,"20","IV-A","Documented",13283250,15649860,,,"N","Secondary Mechanical",""
14452,"06005147001",1175667,"CA",5831,"20","III-B","Documented",2000000,1887333,,,"N","",""
25977,"06006011001",1175864,"CA",10197,"20","I","Documented",1400000,1299474,,,"N","Secondary Mechanical",""
25978,"06006011001",1175864,"CA",10197,"20","III-B","Documented",1835000,1703239,,,"N","",""
26050,"06005155001",1175673,"CA",10216,"1","III-B","Documented",10340508,10774156,,,"N","",""
19554,"06007022001",1175930,"CA",7862,"20","III-B","Documented",496160,454293,,,"N","",""
19606,"06001026001",1175194,"CA",7894,"3","III-B","Documented",715633,756738,,,"N","",""
19607,"06001026001",1175194,"CA",7893,"3","I","Documented",209905,219794,,,"N","",""
19713,"06005178001",1175688,"CA",7955,"3","I","Documented",184000,180487,,,"N","",""
26051,"06005155001",1175673,"CA",10217,"1","III-B","Documented",3397320,3668783,,,"N","",""
26200,"06006013001",1175866,"CA",10245,"20","I","Documented",5825500,6130807,,,"N","Secondary Mechanical",""
26201,"06006013001",1175866,"CA",10245,"20","III-A","Documented",525000,552515,,,"N","Secondary Mechanical",""
15710,"06000000181",3609275,"CA",6286,"20","I","Documented",12000000,11900901,,,"N","",""
15711,"06000000181",3609275,"CA",6286,"20","IV-A","Documented",1000000,991742,,,"N","",""
16656,"06002175001",3224310,"CA",6669,"20","III-B","Documented",11350000,11439082,,,"N","",""
18110,"06000000201",3609599,"CA",7229,"20","III-B","Documented",5892389,5883971,,,"N","",""
19009,"06000000205",3609670,"CA",7603,"3","VI-A","Documented",123313450,116452969,,,"","",""
25680,"06005112001",1175643,"CA",10141,"20","II","Documented",3284788,3007613,,,"N","Secondary Mechanical",""
25681,"06005112001",1175643,"CA",10141,"20","III-B","Documented",192000,175799,,,"N","Secondary Mechanical",""
25700,"06005099001",1175619,"CA",10149,"20","I","Documented",590000,540470,,,"N","Secondary Mechanical",""
20599,"06000000212",3610370,"CA",8290,"20","VI-C","Documented",3401250,3114247,,,"","",""
17527,"06000000196",3609511,"CA",7016,"60","VI-A","Documented",4576100000,4735297402,,,"","",""
17528,"06000000196",3609511,"CA",7016,"60","VI-B","Documented",1671980000,1730146314,,,"","",""
17615,"06009050001",1176087,"CA",5866,"20","III-B","Documented",4000000,4229750,,,"N","",""
15191,"06003004001",1175375,"CA",6106,"20","III-B","Documented",1969234,1792775,,,"N","",""
19775,"06007005001",1175911,"CA",7980,"20","I","Documented",32565000,30913170,,,"N","",""
19776,"06007005001",1175911,"CA",7980,"20","III-B","Documented",16607217,15764831,,,"N","",""
19195,"06001064001",1175223,"CA",7720,"3","I","Documented",3156308,3136709,,,"N","",""
19196,"06001064001",1175223,"CA",7720,"3","III-B","Documented",3156308,3136709,,,"N","",""
26217,"06005169001",1175684,"CA",10252,"3","III-B","Documented",162500,169385,,,"N","Secondary Mechanical",""
26259,"06005060004",1175582,"CA",10273,"3","I","Documented",4757250,5050632,,,"N","",""
21848,"06000000214",3610513,"CA",8169,"20","III-B","Documented",44822000,42328351,,,"N","",""
21855,"06000000217",3610538,"CA",8667,"20","VI-A","Documented",52022504,52460251,,,"","",""
20600,"06008010009",410658,"CA",8290,"20","III-B","Documented",3277500,3000940,,,"N","",""
19614,"06002006001",1175267,"CA",7643,"20","II","Documented",144095303,149108217,,,"N","",""
19615,"06005262001",1175743,"CA",7896,"1","III-B","Documented",397425,372954,,,"N","",""
16773,"06005105001",1175637,"CA",6711,"20","II","Documented",23500000,24543465,,,"N","",""
16774,"06005105001",1175637,"CA",6711,"20","III-B","Documented",11391938,11897771,,,"N","",""
19915,"06000000206",3609689,"CA",8043,"20","VI-A","Documented",44937000,42637458,,,"","",""
19916,"06000000206",3609689,"CA",8043,"20","VI-C","Documented",750000,711621,,,"","",""
21123,"06008044001",1175998,"CA",8456,"20","III-B","Documented",9450000,8652594,,,"N","",""
26202,"06006013001",1175866,"CA",10245,"20","III-B","Documented",8381000,8820238,,,"N","",""
20122,"06000000077",3607381,"CA",2977,"20","VI-A","Documented",14971000,14949610,,,"","",""
23962,"06000000225",3610792,"CA",9467,"20","VI-C","Documented",180000,164831,,,"","",""
15721,"06000000182",3609282,"CA",6298,"20","VI-A","Documented",2511099,2530808,,,"","",""
15722,"06000000183",3609283,"CA",6300,"20","III-B","Documented",21160629,19377352,,,"N","",""
25130,"06000000228",3611072,"CA",9887,"20","VI-A","Documented",1112861,1111271,,,"","",""
25140,"06005008001",1175528,"CA",9887,"20","I","Documented",1919230,1916488,,,"N","Secondary Mechanical",""
25141,"06005008001",1175528,"CA",9887,"20","III-B","Documented",1530630,1528443,,,"N","Secondary Mechanical",""
25364,"06006009002",3522480,"CA",9972,"20","III-B","Documented",130000,129815,,,"N","Secondary Mechanical",""
17519,"06000000196",3609511,"CA",7015,"60","VI-A","Documented",160600000,172612675,,,"","",""
17520,"06000000196",3609511,"CA",7015,"60","VI-B","Documented",434400000,466892566,,,"","",""
18305,"06008012001",1175963,"CA",7304,"20","II","Documented",450000,412223,,,"N","",""
18306,"06008012001",1175963,"CA",7304,"20","III-B","Documented",9710000,8894858,,,"N","",""
23648,"06004029001",1175514,"CA",9348,"20","II","Documented",135000000,137225197,,,"N","",""
23649,"06004029001",1175514,"CA",9348,"20","III-B","Documented",27272000,27721523,,,"N","",""
20035,"06002053001",1175311,"CA",8101,"20","II","Documented",15184153,13909463,,,"N","",""
20036,"06002053001",1175311,"CA",8101,"20","III-B","Documented",14500000,13282743,,,"N","",""
20037,"06002053001",1175311,"CA",8101,"20","X","Documented",3800000,3480995,,,"","",""
25355,"06000000229",3611186,"CA",9972,"20","VI-A","Documented",23500000,23466425,,,"","",""
25377,"06007013001",1175921,"CA",9989,"20","I","Documented",11105050,10167989,,,"N","Secondary Mechanical",""
25376,"06006012001",1175865,"CA",9988,"20","I","Documented",626800,573977,,,"N","",""
25378,"06007013001",1175921,"CA",9989,"20","III-B","Documented",700000,640933,,,"N","Secondary Mechanical",""
19535,"06002092001",1175344,"CA",7843,"20","III-B","Documented",479725,439245,,,"N","",""
24595,"06000000227",3610913,"CA",9670,"20","VI-C","Documented",2500000,2289047,,,"","",""
24600,"06003020001",1175387,"CA",9675,"3","III-B","Documented",6000000,6523025,,,"N","",""
18896,"06004016001",1175503,"CA",7561,"20","I","Documented",3937333,3605094,,,"N","",""
22641,"06008072001",1176018,"CA",8887,"20","III-B","Documented",14533195,14442953,,,"N","",""
22470,"06000000109",3608001,"CA",8861,"20","III-B","Documented",123719604,123719604,,,"N","",""
25197,"06001082001",1175233,"CA",9909,"20","II","Documented",500000,525850,,,"N","",""
25198,"06001082001",1175233,"CA",9909,"20","III-A","Documented",12000,12620,,,"N","",""
25199,"06001082001",1175233,"CA",9909,"20","III-B","Documented",2484560,2613009,,,"N","",""
15255,"06005068001",1175588,"CA",5990,"3","X","Documented",22750000,23604521,,,"","",""
17736,"06000000198",3609566,"CA",7107,"60","VI-B","Documented",197066608,219733340,,,"","",""
19920,"06001008001",1175175,"CA",8049,"3","III-B","Documented",5600000,5735960,,,"N","",""
22621,"06000000221",3610640,"CA",8884,"20","VI-B","Documented",2350000,2151703,,,"","",""
18709,"06000000179",3609238,"CA",7446,"60","VI-B","Documented",764000000,852406542,,,"","",""
15909,"06000000186",3609295,"CA",6354,"20","VI-A","Documented",5577000,5381805,,,"","",""
19183,"06005041001",1175561,"CA",7712,"3","IV-A","Documented",2868500,3155100,,,"N","",""
19281,"06009076001",1176095,"CA",7760,"20","II","Documented",214005970,225300315,,,"N","",""
19282,"06009076001",1176095,"CA",7760,"20","X","Documented",2012052,2118240,,,"","",""
15138,"06000000178",3609216,"CA",6082,"20","VI-C","Documented",4490131,4111246,,,"","",""
16769,"06001099001",1175246,"CA",6708,"20","II","Documented",8159000,7873435,,,"N","",""
16770,"06001099001",1175246,"CA",6708,"20","X","Documented",384000,370560,,,"","",""
17521,"06000000196",3609511,"CA",7012,"60","VI-A","Documented",638845257,753578105,,,"","",""
17522,"06000000196",3609511,"CA",7012,"60","VI-B","Documented",610792153,720486829,,,"","",""
16464,"06000000192",3609417,"CA",6598,"20","VII-E","Documented",970000,968614,,,"","",""
15422,"06000000179",3609238,"CA",6175,"20","VI-B","Documented",2278000,2297168,,,"","",""
19283,"06008033001",1175988,"CA",7760,"20","II","Documented",92500981,97382798,,,"N","",""
19284,"06008033001",1175988,"CA",7760,"20","X","Documented",14717548,15494279,,,"","",""
15531,"06000000180",3609248,"CA",6210,"20","VI-A","Documented",18558680,16992670,,,"","",""
15532,"06000000180",3609248,"CA",6210,"20","VI-C","Documented",527247,482757,,,"","",""
17515,"06000000196",3609511,"CA",7010,"60","VI-A","Documented",11400000,10965211,,,"","",""
19929,"06000000210",3610259,"CA",8059,"1","XII","Documented",5665000,6117663,,,"","",""
21004,"06002044004",1175304,"CA",8422,"20","I","Documented",41997906,38391090,,,"N","",""
21973,"06022054001",3489911,"CA",8692,"20","VI-C","Documented",50000,45781,,,"","",""
18518,"06000000204",3609644,"CA",7363,"20","VI-A","Documented",17225000,15771528,,,"","",""
18742,"06009036001",1176075,"CA",7462,"20","II","Documented",19983000,18960418,,,"N","",""
18743,"06009036001",1176075,"CA",7462,"20","III-B","Documented",13989000,13273147,,,"N","",""
18744,"06009036001",1176075,"CA",7462,"20","X","Documented",1500000,1423241,,,"","",""
23408,"06005288001",1175751,"CA",9165,"20","III-B","Documented",492000,449747,,,"N","",""
23421,"06005113001",1175644,"CA",9173,"1","III-B","Documented",500000,521911,,,"N","",""
14790,"06000000173",3609157,"CA",5975,"20","III-B","Documented",6428678,5886216,,,"N","",""
14819,"06005068001",1175588,"CA",5988,"20","III-B","Documented",5040000,5215336,,,"N","",""
14820,"06005068001",1175588,"CA",5990,"3","II","Documented",42250000,43836967,,,"N","",""
14589,"06002158001",3484151,"CA",5864,"20","III-B","Documented",52919448,50211423,,,"N","",""
14770,"06003010001",1175379,"CA",5968,"20","I","Documented",21838238,21073900,,,"N","",""
14771,"06003010001",1175379,"CA",5968,"20","III-A","Documented",1500000,1447500,,,"N","",""
14772,"06003010001",1175379,"CA",5968,"20","III-B","Documented",4470000,4313550,,,"N","",""
23671,"06000000224",3610767,"CA",9362,"20","VI-A","Documented",36698000,39640269,,,"","",""
14823,"06001047001",1175213,"CA",5993,"3","I","Documented",65681695,72093624,,,"N","",""
16334,"06005184001",1175693,"CA",6528,"20","II","Documented",1000000,915618,,,"N","",""
16335,"06005184001",1175693,"CA",6528,"20","III-A","Documented",500000,457810,,,"N","",""
16336,"06005184001",1175693,"CA",6528,"20","III-B","Documented",12550000,11491012,,,"N","",""
16045,"06022047001",427722,"CA",6424,"20","VI-B","Documented",8205000,8980948,,,"","",""
21470,"06003027001",1175394,"CA",8545,"20","III-B","Documented",15675459,14875062,,,"N","",""
18643,"06000000171",3609136,"CA",7420,"20","II","Documented",147900000,152312572,,,"N","",""
18644,"06000000171",3609136,"CA",7420,"20","III-B","Documented",90500000,93200053,,,"N","",""
19541,"06009069001",3368012,"CA",7850,"20","I","Documented",165000,166295,,,"N","",""
19542,"06009069001",3368012,"CA",7850,"20","III-B","Documented",1286000,1296093,,,"N","",""
14906,"06000000175",3609168,"CA",6035,"20","VI-C","Documented",2290029,2096793,,,"","",""
21738,"06001041001",1175206,"CA",8629,"20","I","Documented",1813000,1660016,,,"N","",""
22203,"06001035001",1175201,"CA",8740,"20","I","Documented",1333000,1366229,,,"N","",""
22204,"06001035001",1175201,"CA",8740,"20","II","Documented",85415000,87544225,,,"N","",""
22205,"06001035001",1175201,"CA",8740,"20","III-A","Documented",7500,7687,,,"N","",""
22206,"06001035001",1175201,"CA",8740,"20","III-B","Documented",21124730,21651327,,,"N","",""
26691,"06000000230",3611330,"CA",10352,"20","VI-A","Documented",1902066,1741566,,,"","",""
15139,"06000000177",3609215,"CA",6082,"20","III-B","Documented",7573159,6934124,,,"N","",""
16759,"06002152001",1175364,"CA",6703,"20","III-B","Documented",2442995,2633183,,,"N","",""
16465,"06005257001",1175740,"CA",6599,"20","II","Documented",8000000,7283138,,,"N","",""
16466,"06005257001",1175740,"CA",6599,"20","X","Documented",1750000,1593186,,,"","",""
21511,"06005245002",1175731,"CA",8562,"20","I","Documented",61500,56311,,,"N","",""
21512,"06005245002",1175731,"CA",8562,"20","III-B","Documented",50000,45781,,,"N","",""
16309,"06000000190",3609351,"CA",6520,"9","VII-M","Documented",3193250,3193250,,,"","",""
19181,"06005041001",1175561,"CA",7713,"20","II","Documented",723500,662528,,,"N","",""
19182,"06005041001",1175561,"CA",7713,"20","III-B","Documented",180000,164831,,,"N","",""
17912,"06000000200",3609584,"CA",7170,"60","VI-B","Documented",260000000,280845551,,,"","",""
22215,"06000000218",3610553,"CA",8740,"20","VI-A","Documented",4150000,4104580,,,"","",""
22277,"06003069001",1175437,"CA",8800,"20","III-B","Documented",4751000,4350103,,,"N","",""
21897,"06000000216",3610529,"CA",8633,"20","VI-A","Documented",900000,947168,,,"","",""
16387,"06000000191",3609403,"CA",6565,"9","VII-M","Documented",575261,559420,,,"","",""
16657,"06022175001",3225490,"CA",6669,"20","VI-B","Documented",616500,621338,,,"","",""
16658,"06022175001",3225490,"CA",6669,"20","VI-C","Documented",1360000,1370674,,,"","",""
24499,"06008014001",1175964,"CA",9610,"20","III-B","Documented",17465136,15991401,,,"N","",""
24563,"06000000226",3610894,"CA",9603,"20","VI-A","Documented",3062900,2804447,,,"","",""
24583,"06005051001",1175570,"CA",9662,"3","I","Documented",6000000,6282673,,,"N","Secondary Mechanical",""
15405,"06022109001",3490190,"CA",6085,"20","VI-A","Documented",5436865,5429097,,,"","",""
15425,"06012001032",2856163,"CA",6180,"20","VI-A","Documented",23216600,21260059,,,"","",""
21469,"06003027001",1175394,"CA",8547,"3","X","Documented",31860000,30644878,,,"","",""
21489,"06004004001",1175459,"CA",8554,"20","III-B","Documented",3650000,3342402,,,"N","",""
25203,"06005283001",3106372,"CA",9913,"20","III-B","Documented",532500,513863,,,"N","",""
16043,"06000000189",3609339,"CA",6422,"20","VI-B","Documented",125000,136822,,,"","",""
16910,"06009026005",1176061,"CA",6782,"20","III-B","Documented",13765000,13745334,,,"N","",""
17052,"06004006001",1175461,"CA",6848,"20","II","Documented",217767000,206623300,,,"N","",""
17053,"06004006001",1175461,"CA",6848,"20","III-B","Documented",67552000,64095190,,,"N","",""
17055,"06000000195",3609479,"CA",6848,"20","II","Documented",161423000,153162568,,,"N","",""
17056,"06000000195",3609479,"CA",6848,"20","X","Documented",31210000,29612904,,,"","",""
19676,"06008067001",1176013,"CA",7935,"20","III-B","Documented",3285000,3280306,,,"N","",""
49840,"06000000247",3611371,"CA",18547,"101d","XII","Decentralized",,40019671,,,"","","Y"
26692,"06002090001",3521216,"CA",10354,"20","II","Documented",8006000,8619782,,,"N","",""
37632,"06000000278",3611402,"CA",13523,"101d","XII","Decentralized",,246679514,,,"","","Y"
37732,"06000000265",3611389,"CA",13574,"101d","XII","Decentralized",,170181570,,,"","","Y"
48625,"06000000243",3611367,"CA",18170,"101d","XII","Decentralized",,96092298,,,"","","Y"
19148,"06001038001",1175204,"CA",7703,"20","I","Documented",73100,66617,,,"N","",""
19149,"06001038001",1175204,"CA",7703,"20","III-B","Documented",4019000,3662566,,,"N","",""
19191,"06005049001",1175569,"CA",7718,"20","I","Documented",6000000,5496308,,,"N","",""
19192,"06005049001",1175569,"CA",7718,"20","III-B","Documented",5175000,4740565,,,"N","",""
20197,"06005107001",1175639,"CA",8169,"20","I","Documented",251250000,237271834,,,"N","",""
20199,"06005107001",1175639,"CA",8169,"20","IV-B","Documented",185000000,174707619,,,"N","",""
17513,"06000000196",3609511,"CA",7013,"60","VI-A","Documented",11476917,12516485,,,"","",""
17514,"06000000196",3609511,"CA",7013,"60","VI-B","Documented",205376402,223979196,,,"","",""
21764,"06005064001",1175585,"CA",8633,"20","II","Documented",27000000,28415037,,,"N","",""
21956,"06009046001",1176084,"CA",8685,"20","III-B","Documented",4930000,4899388,,,"N","",""
23915,"06008029001",1175985,"CA",9440,"20","II","Documented",35916000,32885352,,,"N","",""
23916,"06008029001",1175985,"CA",9440,"20","III-B","Documented",2950000,2701075,,,"N","",""
28672,"06003061001",1175428,"CA",10578,"1","I","Documented",32800000,34629560,,,"N","Secondary Mechanical",""
31253,"06008083001",1176027,"CA",10595,"20","III-B","Documented",700000,675500,,,"N","",""
38254,"06000000268",3611392,"CA",13814,"101d","XII","Decentralized",,97921141,,,"","","Y"
15714,"06005649001",1175839,"CA",6290,"20","III-B","Documented",10600000,10058759,,,"N","",""
35333,"06024012500",3532616,"CA",12207,"20","VI-A","Documented",6387098,6027289,,,"","",""
15728,"06000000184",3609284,"CA",6303,"20","III-B","Documented",7731925,8790435,,,"N","",""
17546,"06000000196",3609511,"CA",7022,"60","VI-A","Documented",21400000,22144482,,,"","",""
17547,"06000000196",3609511,"CA",7022,"60","VI-B","Documented",1500000,1552183,,,"","",""
18433,"06002054001",3486530,"CA",7337,"20","III-B","Documented",1664024,1605783,,,"N","",""
18434,"06002054001",3486530,"CA",7337,"20","X","Documented",2079591,2006805,,,"","",""
55016,"06000000313",3613126,"CA",16847,"1","II","Documented",22150000,20631827,,,"N","",""
31191,"06002049001",1175309,"CA",10932,"20","III-B","Documented",10401275,9523599,,,"N","",""
51113,"06000000281",3611405,"CA",18928,"101d","XII","Decentralized",,39536702,,,"","","Y"
51976,"06000000259",3611383,"CA",19030,"101d","XII","Decentralized",,198891286,,,"","","Y"
23963,"06008069001",1176015,"CA",9469,"20","III-B","Documented",3850000,3525131,,,"N","",""
25585,"06005056001",1175575,"CA",10091,"1","III-B","Documented",548000,501818,,,"N","",""
26246,"06005123001",1175654,"CA",10259,"3","I","Documented",500000,556412,,,"N","Secondary Mechanical",""
26387,"06005780001",1175851,"CA",10299,"3","I","Documented",500000,528719,,,"N","Secondary Mechanical",""
26390,"06004008010",1175469,"CA",10300,"3","II","Documented",22500000,21313659,,,"N","",""
26398,"06001093001",1175240,"CA",10301,"3","I","Documented",3472000,3671610,,,"N","",""
16381,"06006041001",1175894,"CA",6559,"20","I","Documented",530000,485278,,,"N","",""
16382,"06006041001",1175894,"CA",6559,"20","III-B","Documented",639250,585309,,,"N","",""
36174,"06002067001",1175327,"CA",12670,"20","III-B","Documented",15237000,13951278,,,"N","",""
37902,"06000000294",3612365,"CA",13673,"3","IV-A","Documented",34320000,32819031,,,"N","",""
36395,"06000000286",3611410,"CA",12807,"101d","XII","Decentralized",,15860370,,,"","","Y"
37916,"06000000295",3612367,"CA",13678,"3","III-B","Documented",1316617,1415029,,,"N","",""
38139,"06000000262",3611386,"CA",13610,"101d","XII","Decentralized",,192910710,,,"","","Y"
18789,"06005031001",1175553,"CA",7494,"20","II","Documented",2551196,2324938,,,"N","",""
18790,"06005031001",1175553,"CA",7494,"20","III-B","Documented",5403668,4924432,,,"N","",""
19132,"06005266001",1175745,"CA",7696,"3","I","Documented",5850000,6374330,,,"N","",""
20079,"06001168001",3477030,"CA",8111,"20","I","Documented",3640000,3728374,,,"N","",""
25170,"06007011001",1238829,"CA",9901,"20","II","Documented",8593324,8539964,,,"N","Secondary Mechanical",""
25171,"06007011001",1238829,"CA",9901,"20","III-B","Documented",897425,891853,,,"N","Secondary Mechanical",""
15947,"06000000187",3609307,"CA",6380,"20","VI-B","Documented",21824000,20594573,,,"","",""
19667,"06003016001",1175384,"CA",7927,"20","III-B","Documented",1500000,1497857,,,"N","",""
19669,"06005006001",1175527,"CA",7931,"20","I","Documented",5845000,5326622,,,"N","",""
19670,"06005006001",1175527,"CA",7931,"20","III-B","Documented",14548000,13257777,,,"N","",""
17517,"06000000196",3609511,"CA",7017,"60","VI-A","Documented",363090000,375721495,,,"","",""
17518,"06000000196",3609511,"CA",7017,"60","VI-B","Documented",123990000,128303473,,,"","",""
17619,"06009005001",1176036,"CA",7050,"20","III-B","Documented",2285020,2092207,,,"N","",""
17757,"06000000199",3609569,"CA",7115,"60","VI-B","Documented",380000000,410466574,,,"","",""
23136,"06005042003",1175562,"CA",9091,"20","I","Documented",200000,207436,,,"N","",""
23137,"06005042003",1175562,"CA",9091,"20","III-B","Documented",9750000,10112513,,,"N","",""
40009,"06001001001",1175167,"CA",14553,"3","III-B","Documented",360000,339720,,,"N","",""
37190,"06005066001",1175587,"CA",13238,"3","III-B","Documented",7407001,7983637,,,"N","",""
37192,"06007770001",3522264,"CA",13239,"3","IV-A","Documented",180000000,201049771,,,"N","",""
16824,"06003049001",1175417,"CA",6730,"20","III-B","Documented",3782000,4059271,,,"N","",""
17949,"06009008001",1176039,"CA",7191,"20","III-B","Documented",1957028,1944876,,,"N","",""
19695,"06005272001",1175747,"CA",7946,"3","I","Documented",4182170,4440088,,,"N","",""
19710,"06000000209",3610185,"CA",7951,"20","VI-C","Documented",10788114,9878964,,,"","",""
19711,"06005178001",1175688,"CA",7954,"20","I","Documented",705000,645587,,,"N","",""
19712,"06005178001",1175688,"CA",7954,"20","III-B","Documented",2530000,2316788,,,"N","",""
15891,"06000000185",3609289,"CA",6342,"20","VI-A","Documented",1412500,1446794,,,"","",""
15892,"06000000185",3609289,"CA",6342,"20","VI-B","Documented",1125000,1152313,,,"","",""
15893,"06000000185",3609289,"CA",6342,"20","VI-C","Documented",2250000,2304627,,,"","",""
16036,"06000000188",3609335,"CA",6418,"20","VI-B","Documented",14367000,15725689,,,"","",""
17901,"06002040001",1175298,"CA",7162,"20","II","Documented",13875000,13171203,,,"N","",""
17902,"06002040001",1175298,"CA",7162,"20","III-B","Documented",23270000,22089651,,,"N","",""
26349,"06001056001",3477690,"CA",10293,"3","I","Documented",5006966,5304457,,,"N","Secondary Mechanical",""
15083,"06000000176",3609213,"CA",6072,"20","III-B","Documented",425000,389138,,,"N","",""
22278,"06000000220",3610610,"CA",8800,"20","VI-C","Documented",5100000,4669654,,,"","",""
24825,"06005055001",1175574,"CA",9758,"3","I","Documented",309050,290021,,,"N","",""
24831,"06005294001",3478111,"CA",9764,"20","III-B","Documented",3600,3571,,,"N","",""
15718,"06005216001",1175710,"CA",6296,"20","III-B","Documented",50956000,50956000,,,"N","",""
29612,"06006010001",1175863,"CA",10663,"20","II","Documented",2769000,2836228,,,"N","",""
29613,"06006010001",1175863,"CA",10663,"20","III-B","Documented",7742469,7930444,,,"N","",""
54843,"06000000305",3612766,"CA",17029,"1","III-B","Documented",116656361,114077378,,,"N","",""
31153,"06001002001",1175168,"CA",10921,"3","I","Documented",870000,910988,,,"N","Secondary Mechanical",""
21958,"06029046001",415588,"CA",8685,"20","VI-C","Documented",2105000,2167802,,,"","",""
20019,"06008009001",1175958,"CA",8097,"20","III-B","Documented",12318828,11279347,,,"N","",""
20020,"06028009001",425890,"CA",8097,"20","VI-C","Documented",11438158,10472989,,,"","",""
17747,"06002057001",1175314,"CA",7110,"20","II","Documented",129807024,134322865,,,"N","",""
17748,"06002057001",1175314,"CA",7110,"20","III-B","Documented",74078742,76655859,,,"N","",""
18418,"06000000203",3609627,"CA",7335,"20","III-B","Documented",32238100,32751611,,,"N","",""
36381,"06000000263",3611387,"CA",12784,"101d","XII","Decentralized",,72233579,,,"","","Y"
36179,"06000000238",3611362,"CA",12672,"101d","XII","Decentralized",,100514274,,,"","","Y"
23964,"06009018001",1176049,"CA",9473,"20","III-B","Documented",500000,496895,,,"N","",""
24733,"06025053001",3154588,"CA",9734,"20","VI-A","Documented",34476500,31567319,,,"","",""
24734,"06025053001",3154588,"CA",9734,"20","VI-C","Documented",579450,530555,,,"","",""
19024,"06003058001",1175426,"CA",7613,"20","I","Documented",1195000,1109193,,,"N","",""
19025,"06003058001",1175426,"CA",7613,"20","III-B","Documented",560000,519790,,,"N","",""
16364,"06009035001",1176074,"CA",6545,"20","III-B","Documented",36719399,40045406,,,"N","",""
17525,"06000000196",3609511,"CA",7014,"60","VI-A","Documented",20166000,19396880,,,"","",""
17545,"06000000196",3609511,"CA",7023,"60","VI-B","Documented",201300000,208303002,,,"","",""
17544,"06000000196",3609511,"CA",7023,"60","VI-A","Documented",676400000,699931200,,,"","",""
18304,"06008012001",1175963,"CA",7303,"3","III-B","Documented",2911537,3331995,,,"N","",""
19050,"06000000208",3609709,"CA",7628,"20","VI-A","Documented",1237210,1235442,,,"","",""
19051,"06000000208",3609709,"CA",7628,"20","VI-C","Documented",86250,86127,,,"","",""
33944,"06003018001",1175385,"CA",11406,"20","III-B","Documented",3880000,3601398,,,"N","",""
19610,"06002006001",1175267,"CA",7643,"20","III-B","Documented",27546775,28505096,,,"N","",""
19611,"06002006001",1175267,"CA",7643,"20","X","Documented",384000,397359,,,"","",""
19665,"06005311001",1175762,"CA",7926,"3","I","Documented",680000,717277,,,"N","",""
19666,"06003016001",1175384,"CA",7927,"20","I","Documented",1900000,1897286,,,"N","",""
22642,"06000000222",3610650,"CA",8887,"20","VI-C","Documented",455000,452175,,,"","",""
26419,"06005039001",1175559,"CA",10310,"20","I","Documented",1025000,938620,,,"N","Secondary Mechanical",""
24497,"06004017001",1175504,"CA",9604,"20","III-B","Documented",90000,86850,,,"N","",""
24593,"06008076001",1176022,"CA",9670,"20","III-B","Documented",13500000,12360849,,,"N","",""
24744,"06008002001",1175946,"CA",9740,"20","III-B","Documented",4742686,4342490,,,"N","",""
48602,"06000000239",3611363,"CA",18166,"101d","XII","Decentralized",,34804831,,,"","","Y"
17623,"06000000194",3609471,"CA",7050,"20","VI-B","Documented",4028213,3688306,,,"","",""
37641,"06000000285",3611409,"CA",13526,"101d","XII","Decentralized",,48224549,,,"","","Y"
47611,"06000000260",3611384,"CA",18003,"101d","XII","Decentralized",,66231727,,,"","","Y"
33651,"06003075001",1175442,"CA",11354,"20","III-B","Documented",6920830,6336839,,,"N","",""
14409,"06002118001",1175353,"CA",5810,"20","II","Documented",1055000,1116367,,,"N","",""
14410,"06002118001",1175353,"CA",5810,"20","III-A","Documented",356000,376708,,,"N","",""
14411,"06002118001",1175353,"CA",5810,"20","III-B","Documented",20021000,21185573,,,"N","",""
14412,"06002118001",1175353,"CA",5810,"20","X","Documented",3100000,3280320,,,"","",""
14544,"06002043001",1175301,"CA",5855,"20","II","Documented",36630000,37904317,,,"N","Secondary Mechanical",""
14545,"06002043001",1175301,"CA",5855,"20","III-A","Documented",1600000,1655662,,,"N","Secondary Mechanical",""
14546,"06002043001",1175301,"CA",5855,"20","III-B","Documented",34149000,35337006,,,"N","Secondary Mechanical",""
14548,"06002043001",1175301,"CA",5855,"20","V","Documented",24625000,25481676,,,"","Secondary Mechanical",""
32135,"06000000291",3611608,"CA",11058,"20","VI-A","Documented",1038000,948821,,,"","",""
17548,"06000000196",3609511,"CA",7024,"60","VI-A","Documented",120400000,124588581,,,"","",""
17549,"06000000196",3609511,"CA",7024,"60","VI-B","Documented",10820000,11196416,,,"","",""
19073,"06005106001",1175638,"CA",7648,"20","II","Documented",463285,424193,,,"N","",""
19074,"06005106001",1175638,"CA",7648,"20","III-B","Documented",2925000,2678184,,,"N","",""
22580,"06005233001",1175721,"CA",8880,"1","II","Documented",5596191,5400324,,,"N","",""
33711,"06005157001",1175675,"CA",11364,"1","III-B","Documented",4553000,4546495,,,"N","",""
18439,"06002054001",3486530,"CA",7337,"20","II","Documented",550000,530750,,,"N","",""
24809,"06003022001",1175389,"CA",9754,"3","I","Documented",628694,575916,,,"N","Secondary Mechanical",""
43676,"06000000309",3612938,"CA",16299,"1","I","Documented",1975232,1888847,,,"N","",""
23431,"06005045001",1175565,"CA",9180,"20","II","Documented",87000,79659,,,"N","",""
23432,"06005045001",1175565,"CA",9180,"20","III-B","Documented",3120769,2857434,,,"N","",""
40396,"06005109001",1175641,"CA",14694,"3","II","Documented",20000000,21531854,,,"N","",""
24982,"06003072001",1175440,"CA",9828,"20","I","Documented",612821,591372,,,"N","",""
24983,"06003072001",1175440,"CA",9828,"20","III-B","Documented",1200000,1158000,,,"N","",""
40799,"06000000301",3612652,"CA",14813,"3","I","Documented",7115000,7487889,,,"N","",""
40800,"06000000301",3612652,"CA",14813,"3","IV-A","Documented",7115000,7487889,,,"N","",""
36165,"06000000236",3611360,"CA",10798,"101d","XII","Decentralized",,13892097,,,"","","Y"
36171,"06000000293",3612211,"CA",12670,"20","VI-A","Documented",25759000,23585415,,,"","",""
36172,"06000000293",3612211,"CA",12670,"20","VI-B","Documented",9695000,8876921,,,"","",""
18672,"06005204001",1175707,"CA",7432,"3","III-B","Documented",5500000,5741015,,,"N","",""
14594,"06007025001",1175933,"CA",5867,"20","III-B","Documented",10249518,10234874,,,"N","",""
14604,"06000000166",3609120,"CA",5870,"20","VI-C","Documented",10565630,10500024,,,"","",""
33631,"06005322001",1175769,"CA",11350,"20","III-B","Documented",7330543,7508517,,,"N","",""
34473,"06005200001",1175704,"CA",11720,"20","III-B","Documented",2590000,2698616,,,"N","Secondary Mechanical",""
17694,"06000000197",3609544,"CA",7098,"20","III-B","Documented",8309200,8940657,,,"N","",""
24622,"06001096001",1175243,"CA",9679,"20","III-B","Documented",986000,951490,,,"N","",""
24111,"06008036001",1175991,"CA",9516,"20","III-B","Documented",3000000,2995714,,,"N","",""
16825,"06000000169",3609130,"CA",6732,"9","VII-M","Documented",1138800000,1138800000,,,"","",""
20618,"06001062001",1175222,"CA",8294,"20","III-B","Documented",288000,302061,,,"N","",""
21122,"06000000213",3610443,"CA",8456,"20","VI-C","Documented",22250000,20372511,,,"","",""
38255,"06000000264",3611388,"CA",13816,"101d","XII","Decentralized",,15729831,,,"","","Y"
35327,"06004012500",3531736,"CA",12207,"20","III-B","Documented",7400000,6983130,,,"N","",""
14137,"06025011001",2830221,"CA",5641,"20","VI-A","Documented",5824800,6125936,,,"","",""
14138,"06025011001",2830221,"CA",5641,"20","VI-C","Documented",3052026,3209812,,,"","",""
14720,"06000000170",3609134,"CA",5934,"20","III-B","Documented",20122500,20757038,,,"N","",""
14748,"06002043001",1175301,"CA",5946,"3","II","Documented",532900000,584922364,,,"N","Secondary Mechanical",""
32125,"06002063001",1175322,"CA",11050,"20","II","Documented",10835333,9921031,,,"N","",""
32126,"06002063001",1175322,"CA",11050,"20","III-B","Documented",11676000,10690761,,,"N","",""
32134,"06002113001",1175351,"CA",11058,"20","III-B","Documented",2054000,1877531,,,"N","",""
23922,"06009043001",1176082,"CA",9446,"20","III-B","Documented",64032800,60763253,,,"N","",""
23923,"06009043001",1176082,"CA",7952,"3","III-B","Documented",4601000,4966185,,,"N","",""
42244,"06000000304",3612733,"CA",15562,"1","II","Documented",5462594,5469404,,,"Y","",""
40814,"06000000302",3612659,"CA",14824,"3","I","Documented",512500,541087,,,"N","",""
40815,"06000000302",3612659,"CA",14824,"3","III-B","Documented",512500,541087,,,"N","",""
14516,"06005004001",1238814,"CA",5843,"3","X","Documented",2600000,2857966,,,"","",""
14539,"06005551001",1175825,"CA",5853,"20","I","Documented",616667,600091,,,"N","",""
14540,"06005551001",1175825,"CA",5853,"20","III-B","Documented",2483333,2416581,,,"N","",""
14904,"06000000174",3609167,"CA",6035,"20","I","Documented",11986491,10975052,,,"N","",""
14905,"06000000174",3609167,"CA",6035,"20","III-B","Documented",17513196,16035405,,,"N","",""
14007,"06005246001",1175732,"CA",5642,"20","I","Documented",1550000,1419208,,,"N","",""
14008,"06005246001",1175732,"CA",5642,"20","III-B","Documented",400000,366247,,,"N","",""
14009,"06025246001",2821302,"CA",5642,"20","VI-C","Documented",55000,50359,,,"","",""
14106,"06000000155",3608951,"CA",5661,"20","III-B","Documented",4892599,4479754,,,"N","",""
14108,"06000000156",3608954,"CA",5663,"20","VI-C","Documented",890000,814900,,,"","",""
14254,"06002015001",1175274,"CA",5726,"20","II","Documented",17900000,21432249,,,"N","",""
14256,"06007014001",1175922,"CA",5729,"20","I","Documented",7006932,6415676,,,"N","",""
14257,"06007014001",1175922,"CA",5729,"20","III-B","Documented",386113,353533,,,"N","",""
14307,"06003044001",1175412,"CA",5757,"20","II","Documented",17884500,18727079,,,"N","",""
14308,"06003044001",1175412,"CA",5757,"20","III-B","Documented",3370000,3528769,,,"N","",""
14541,"06005249001",1175733,"CA",5853,"20","II","Documented",2346667,2283589,,,"N","",""
14542,"06005249001",1175733,"CA",5853,"20","III-B","Documented",21330499,20757136,,,"N","",""
14543,"06005249001",1175733,"CA",5853,"20","X","Documented",1125000,1094760,,,"","",""
14590,"06000000163",3609024,"CA",5864,"20","VI-A","Documented",1232392,1128401,,,"","",""
14610,"06000000167",3609122,"CA",5870,"20","III-A","Documented",7000000,6956534,,,"N","",""
14611,"06000000167",3609122,"CA",5870,"20","III-B","Documented",10669800,10603547,,,"N","",""
14620,"06000000165",3609119,"CA",5874,"20","I","Documented",133144000,151021190,,,"N","",""
14621,"06000000165",3609119,"CA",5874,"20","III-B","Documented",191900000,217666334,,,"N","",""
40737,"06000000298",3612631,"CA",14790,"101c","VII-A","Documented",405885665,405885665,,,"","","Y"
14362,"06003076001",1175443,"CA",5781,"20","III-B","Documented",4000000,3662906,,,"N","",""
14390,"06002122001",1175356,"CA",5800,"20","III-B","Documented",4800000,4793142,,,"N","",""
14413,"06005004001",1238814,"CA",5812,"20","II","Documented",1350000,1420752,,,"N","",""
23240,"06008065001",1176011,"CA",9123,"20","III-B","Documented",7900000,7233386,,,"N","",""
23242,"06000000223",3610714,"CA",9123,"20","VI-C","Documented",7500000,6867139,,,"","",""
40731,"06000000297",3612630,"CA",14790,"101c","VII-K","Documented",1013370125,1013370125,,,"","","Y"
29611,"06005030001",1175552,"CA",10662,"3","III-B","Documented",500000,553791,,,"N","",""
14982,"06005071001",1175590,"CA",6058,"20","III-B","Documented",52627420,61209428,,,"N","",""
14983,"06005071001",1175590,"CA",6058,"20","IV-A","Documented",113483500,131989373,,,"N","",""
39100,"06000000261",3611385,"CA",14200,"101d","XII","Decentralized",,39814096,,,"","","Y"
16705,"06007029001",1175936,"CA",6686,"20","II","Documented",184441233,177406751,,,"N","Secondary Mechanical",""
16706,"06007029001",1175936,"CA",6686,"20","III-B","Documented",68345779,65739111,,,"N","",""
16707,"06007029001",1175936,"CA",6686,"20","X","Documented",168805491,162367347,,,"","",""
18835,"06002011001",1175272,"CA",7517,"20","I","Documented",45009000,42705773,,,"N","",""
18836,"06002011001",1175272,"CA",7517,"20","III-B","Documented",29788000,28263671,,,"N","",""
19921,"06001008001",1175175,"CA",8048,"20","III-B","Documented",3265000,3177237,,,"N","",""
19923,"06000000211",3610284,"CA",8048,"20","VI-B","Documented",800000,778496,,,"","",""
33632,"06005322001",1175769,"CA",11352,"3","I","Documented",390000,382553,,,"N","",""
23960,"06005054001",1175573,"CA",9467,"20","I","Documented",2575000,2357996,,,"N","",""
23961,"06005054001",1175573,"CA",9467,"20","III-B","Documented",750000,686795,,,"N","",""
15149,"06002109001",1175348,"CA",6085,"20","II","Documented",45833000,47427479,,,"N","",""
15150,"06002109001",1175348,"CA",6085,"20","III-B","Documented",6530000,6757171,,,"N","Secondary Mechanical",""
15421,"06000000179",3609238,"CA",6175,"20","VI-C","Documented",33896500,34181725,,,"","",""
15887,"06003037001",1175402,"CA",6342,"20","II","Documented",45105500,47876264,,,"N","",""
15888,"06003037001",1175402,"CA",6342,"20","III-B","Documented",24637500,26150945,,,"N","",""
15889,"06003037001",1175402,"CA",6342,"20","X","Documented",275000,291893,,,"","",""
14506,"06000000162",3609020,"CA",5839,"20","VI-A","Documented",4950003,4594571,,,"","",""
14507,"06000000162",3609020,"CA",5839,"20","VI-B","Documented",5209000,4834970,,,"","",""
14514,"06000000161",3609019,"CA",5839,"20","III-B","Documented",15149569,14061761,,,"N","",""
14591,"06002046001",1175306,"CA",5864,"20","I","Documented",9803831,8976569,,,"N","",""
36372,"06000000232",3611356,"CA",12775,"101d","XII","Decentralized",,44448195,,,"","","Y"
36388,"06000000272",3611396,"CA",12796,"101d","XII","Decentralized",,30357426,,,"","","Y"
36379,"06000000255",3611379,"CA",11841,"101d","XII","Decentralized",,10312504,,,"","","Y"
36386,"06000000271",3611395,"CA",12792,"101d","XII","Decentralized",,50593881,,,"","","Y"
13999,"06008086001",3380875,"CA",5635,"20","II","Documented",3324104,3045050,,,"N","",""
14000,"06008086001",3380875,"CA",5635,"20","III-B","Documented",105000,96185,,,"N","",""
14001,"06008086001",3380875,"CA",5635,"20","X","Documented",775000,709940,,,"","",""
22593,"06000000219",3610609,"CA",8861,"20","VI-A","Documented",269715210,269715210,,,"","",""
22620,"06002157001",1175367,"CA",8884,"20","III-B","Documented",10360000,9485807,,,"N","",""
22819,"06006021001",1175876,"CA",8973,"3","I","Documented",9000000,8685000,,,"N","",""
15738,"06002121001",1175355,"CA",6307,"20","III-B","Documented",1667000,1664618,,,"N","",""
15739,"06002121001",1175355,"CA",6307,"20","X","Documented",300000,299572,,,"","",""
42120,"06000000306",3612787,"CA",15462,"3","IV-A","Documented",2453000,2387064,,,"N","",""
39799,"06000000296",3612541,"CA",14457,"3","I","Documented",6126183,5911767,,,"N","",""
14644,"06008007001",1175956,"CA",5894,"20","II","Documented",1530160,1476604,,,"N","",""
14645,"06008073001",1176019,"CA",5895,"20","III-B","Documented",15196124,13915495,,,"N","",""
14822,"06001047001",1175213,"CA",5991,"20","III-B","Documented",200000,192372,,,"N","",""
14359,"06000000157",3608995,"CA",5779,"20","III-B","Documented",4513100,4705238,,,"N","",""
14360,"06003060001",1175427,"CA",5779,"20","II","Documented",17400000,18140776,,,"N","",""
43681,"06000000310",3612940,"CA",16300,"1","I","Documented",495500,523987,,,"N","",""
33331,"06004008010",1175469,"CA",10300,"3","IV-A","Documented",22500000,21313659,,,"N","",""
36161,"06000000237",3611361,"CA",12663,"101d","XII","Decentralized",,12270574,,,"","","Y"
45004,"06005357001",1175790,"CA",14825,"3","IV-A","Documented",48513000,50335214,,,"N","",""
7477,"06005227001",1238820,"CA",3349,"20","II","Documented",13922000,13209575,,,"N","",""
7478,"06005227001",1238820,"CA",3349,"20","III-B","Documented",75000,71162,,,"N","",""
14647,"06000000168",3609128,"CA",5898,"20","III-B","Documented",2600000,2690451,,,"N","",""
24567,"06001011001",1175181,"CA",9601,"3","I","Documented",19212357,19880733,,,"N","Secondary Mechanical",""
24568,"06001011001",1175181,"CA",9603,"20","I","Documented",650000,616738,,,"N","",""
24569,"06001011001",1175181,"CA",9603,"20","III-B","Documented",1950000,1850213,,,"N","",""
24570,"06001011001",1175181,"CA",9603,"20","IV-A","Documented",500000,474414,,,"N","",""
3299,"06022008001",2865324,"CA",831,"20","VI-C","Documented",0,0,,,"","",""
3922,"06022008001",2865324,"CA",831,"20","VI-B","Documented",200000,214960,,,"","",""
3921,"06022008001",2865324,"CA",831,"20","VI-A","Documented",279541,300450,,,"","",""
13237,"06001030001",1175198,"CA",5353,"20","III-B","Documented",13783000,13783000,,,"N","",""
37746,"06000000266",3611390,"CA",13588,"101d","XII","Decentralized",,215462371,,,"","","Y"
35168,"06000000292",3612062,"CA",12124,"20","VI-A","Documented",8330000,8684636,,,"","",""
36180,"06002018001",1175277,"CA",11405,"3","X","Documented",61217000,68506276,,,"","",""
11307,"06006065001",1175901,"CA",4921,"20","III-B","Documented",349000,331141,,,"N","",""
36336,"06000000258",3611382,"CA",12753,"101d","XII","Decentralized",,77343776,,,"","","Y"
38253,"06000000283",3611407,"CA",13812,"101d","XII","Decentralized",,51301441,,,"","","Y"
40732,"06000000299",3612632,"CA",14790,"101c","VII-B","Documented",26646127,26646127,,,"","","Y"
45063,"06000000234",3611358,"CA",16949,"101d","XII","Decentralized",,63000911,,,"","","Y"
21706,"06000000215",3610516,"CA",8615,"20","III-B","Documented",2451025,2671233,,,"N","",""
51968,"06000000246",3611370,"CA",19029,"101d","XII","Decentralized",,67406569,,,"","","Y"
46208,"06000000233",3611357,"CA",17473,"101d","XII","Decentralized",,17492094,,,"","","Y"
42122,"06000000307",3612790,"CA",15465,"3","II","Documented",52500000,54471971,,,"N","",""
47587,"06000000273",3611397,"CA",18000,"101d","XII","Decentralized",,74653850,,,"","","Y"
28669,"06000000288",3611429,"CA",10576,"20","VI-A","Documented",3462700,3214063,,,"","",""
36296,"06000000242",3611366,"CA",10944,"101d","XII","Decentralized",,5352059,,,"","","Y"
36300,"06000000244",3611368,"CA",12734,"101d","XII","Decentralized",,134857743,,,"","","Y"
36304,"06000000250",3611374,"CA",12736,"101d","XII","Decentralized",,17267934,,,"","","Y"
36306,"06000000251",3611375,"CA",12738,"101d","XII","Decentralized",,16447790,,,"","","Y"
36319,"06000000256",3611380,"CA",11843,"101d","XII","Decentralized",,54193614,,,"","","Y"
36389,"06005329001",1175773,"CA",12798,"3","I","Documented",3746000,4039616,,,"N","",""
36392,"06000000275",3611399,"CA",12801,"101d","XII","Decentralized",,4111947,,,"","","Y"
10684,"06022012001",3514318,"CA",4765,"20","VI-A","Documented",16622700,16164972,,,"","",""
10685,"06022012001",3514318,"CA",4765,"20","VI-B","Documented",545000,529993,,,"","",""
7241,"06002024001",1175282,"CA",3249,"20","II","Documented",22655000,23443142,,,"N","",""
7242,"06002024001",1175282,"CA",3249,"20","III-B","Documented",10381000,10742143,,,"N","",""
14567,"06005249003",1175735,"CA",5853,"20","III-B","Documented",11795000,11894250,,,"N","",""
14568,"06005249003",1175735,"CA",5853,"20","X","Documented",1125000,1134466,,,"","",""
4161,"06005249003",1175735,"CA",5853,"20","II","Documented",4689167,4728624,,,"N","",""
4341,"06000000172",3609151,"CA",5968,"20","VI-A","Documented",1800000,1800000,,,"","",""
14773,"06000000172",3609151,"CA",5968,"20","VI-C","Documented",1000000,1000000,,,"","",""
30333,"06008071001",1176017,"CA",10799,"20","III-B","Documented",1531296,1645835,,,"N","",""
45230,"06000000305",3612766,"CA",17029,"1","I","Documented",116656361,114077378,,,"N","",""
47668,"06000000287",3611411,"CA",18017,"101d","XII","Decentralized",,31879870,,,"","","Y"
6929,"06009031004",1176069,"CA",3148,"20","II","Documented",38988867,36998076,,,"N","",""
48644,"06000000245",3611369,"CA",18174,"101d","XII","Decentralized",,69886792,,,"","","Y"
4182,"06007003001",1175910,"CA",12124,"20","I","Documented",28696430,31003247,,,"N","",""
4183,"06007003001",1175910,"CA",12765,"20","III-B","Documented",200000,189765,,,"N","",""
26693,"06005062001",1175583,"CA",10352,"20","I","Documented",6823883,6474687,,,"N","Secondary Mechanical",""
26694,"06005062001",1175583,"CA",10352,"20","III-B","Documented",3175000,3012527,,,"N","",""
40792,"06000000300",3612651,"CA",14809,"3","I","Documented",2000000,1869087,,,"N","",""
13435,"06000000147",3608839,"CA",5437,"20","VII-E","Documented",290000,311692,,,"","",""
8695,"06002022001",1175280,"CA",4080,"20","III-B","Documented",3400000,3501438,,,"N","",""
18111,"06000000202",3609600,"CA",7229,"20","VI-A","Documented",9594867,9928662,,,"","",""
13392,"06005061001",1238816,"CA",5422,"20","II","Documented",18950000,20367436,,,"N","",""
13393,"06005061001",1238816,"CA",5422,"20","III-B","Documented",3726000,4004700,,,"N","",""
13394,"06005061001",1238816,"CA",5422,"20","IV-B","Documented",1100000,1182279,,,"N","",""
28831,"06000000289",3611431,"CA",10595,"20","VI-A","Documented",10700000,10325500,,,"","",""
39092,"06000000249",3611373,"CA",14192,"101d","XII","Decentralized",,47776915,,,"","","Y"
40934,"06001079001",1175232,"CA",14874,"3","II","Documented",18650000,20140231,,,"N","",""
36330,"06000000257",3611381,"CA",11845,"101d","XII","Decentralized",,42620662,,,"","","Y"
33652,"06003075001",1175442,"CA",11355,"3","III-B","Documented",4400000,4021975,,,"N","",""
45228,"06000000314",3613153,"CA",17027,"1","X","Documented",5000000,5258494,,,"","",""
44839,"06000000311",3613059,"CA",16845,"1","II","Documented",20340000,19450440,,,"N","",""
32127,"06002063002",1175323,"CA",11050,"20","II","Documented",500000,457810,,,"N","",""
32128,"06002063002",1175323,"CA",11050,"20","III-B","Documented",500000,457810,,,"N","",""
46266,"06000000267",3611391,"CA",17502,"101d","XII","Decentralized",,81268749,,,"","","Y"
30393,"06002018001",1175277,"CA",10808,"20","III-B","Documented",1350000,1280917,,,"N","",""
34226,"06003014001",1175382,"CA",11568,"20","I","Documented",9185000,8409956,,,"N","Secondary Mechanical",""
42760,"06000000303",3612732,"CA",15764,"1","I","Documented",140000,135100,,,"N","",""
44330,"06000000248",3611372,"CA",16604,"101d","XII","Decentralized",,38481525,,,"","","Y"
45857,"06000000231",3611355,"CA",17310,"101d","XII","Decentralized",,50257137,,,"","","Y"
44841,"06000000313",3613126,"CA",16847,"1","X","Documented",22150000,20631827,,,"","",""
30392,"06022018001",2838060,"CA",10808,"20","VI-A","Documented",3105000,2842995,,,"","",""
36394,"06000000280",3611404,"CA",12805,"101d","XII","Decentralized",,14620258,,,"","","Y"
46244,"06000000277",3611401,"CA",17496,"101d","XII","Decentralized",,36957762,,,"","","Y"
49843,"06000000254",3611378,"CA",18548,"101d","XII","Decentralized",,50338723,,,"","","Y"
29602,"06000000290",3611459,"CA",10657,"20","VI-A","Documented",26989291,26821704,,,"","",""
36293,"06000000241",3611365,"CA",10942,"101d","XII","Decentralized",,31381993,,,"","","Y"
44457,"06000000279",3611403,"CA",16662,"101d","XII","Decentralized",,46725940,,,"","","Y"
44458,"06000000148",3608849,"CA",16663,"101d","XII","Decentralized",,50457644,,,"","","Y"
40832,"06005360001",1238827,"CA",14840,"3","I","Documented",282900,298248,,,"N","",""
56154,"06006009001",1175862,"CA",3418,"20","X","Documented",300000,284648,,,"","",""
44363,"06000000284",3611408,"CA",16622,"101d","XII","Decentralized",,45753575,,,"","","Y"
29596,"06005197001",1175701,"CA",10657,"20","I","Documented",6200000,6161502,,,"N","Secondary Mechanical",""
29597,"06005197001",1175701,"CA",10657,"20","III-B","Documented",9700858,9640622,,,"N","",""
45055,"06000000253",3611377,"CA",16945,"101d","XII","Decentralized",,27054004,,,"","","Y"
46284,"06000000270",3611394,"CA",17510,"101d","XII","Decentralized",,30271219,,,"","","Y"
51120,"06000000282",3611406,"CA",18929,"101d","XII","Decentralized",,44758223,,,"","","Y"
31251,"06003053001",1175421,"CA",10940,"20","I","Documented",2026000,1855043,,,"N","Secondary Mechanical",""
31252,"06003053001",1175421,"CA",10940,"20","III-B","Documented",2837000,2597609,,,"N","Secondary Mechanical",""
46233,"06000000235",3611359,"CA",17485,"101d","XII","Decentralized",,21130842,,,"","","Y"
37365,"06002079001",3480210,"CA",13320,"20","III-B","Documented",5088750,5478881,,,"N","",""
39095,"06000000274",3611398,"CA",14195,"101d","XII","Decentralized",,75204359,,,"","","Y"
34474,"06005200001",1175704,"CA",11720,"20","II","Documented",6025000,6277669,,,"N","Secondary Mechanical",""
37723,"06000000240",3611364,"CA",10938,"101d","XII","Decentralized",,11422077,,,"","","Y"
34527,"06002060003",1175317,"CA",11735,"20","III-B","Documented",1940000,1776300,,,"N","Secondary Mechanical",""
34528,"06002060003",1175317,"CA",11735,"20","X","Documented",550000,503590,,,"","Secondary Mechanical",""
36314,"06000000252",3611376,"CA",11838,"101d","XII","Decentralized",,33613540,,,"","","Y"
36385,"06005022001",1175543,"CA",12790,"3","II","Documented",13972500,12799526,,,"N","",""
36393,"06000000276",3611400,"CA",12803,"101d","XII","Decentralized",,27347715,,,"","","Y"
39136,"06000000269",3611393,"CA",14215,"101d","XII","Decentralized",,30632603,,,"","","Y"
27991,"06005234001",1238821,"CA",10495,"20","II","Documented",13590000,12896088,,,"N","Secondary Mechanical",""
27992,"06005234001",1238821,"CA",10495,"20","III-B","Documented",40091000,38043934,,,"N","Secondary Mechanical",""
